Clube,Associação,Divisão,Falta,Instagram,Facebook,Pesquisa Instagram,Pesquisa Facebook
Faro e Benfica,AF Algarve,2ª Divisão,Instagram e Facebook,,,https://www.google.com/search?q=site%3Ainstagram.com%20%22Faro%20e%20Benfica%22%20Portugal%20futebol,https://www.google.com/search?q=site%3Afacebook.com%20%22Faro%20e%20Benfica%22%20Portugal%20futebol
Juventude Campinense,AF Algarve,2ª Divisão,Instagram e Facebook,,,https://www.google.com/search?q=site%3Ainstagram.com%20%22Juventude%20Campinense%22%20Portugal%20futebol,https://www.google.com/search?q=site%3Afacebook.com%20%22Juventude%20Campinense%22%20Portugal%20futebol
Padernense Clube,AF Algarve,2ª Divisão,Instagram e Facebook,,,https://www.google.com/search?q=site%3Ainstagram.com%20%22Padernense%20Clube%22%20Portugal%20futebol,https://www.google.com/search?q=site%3Afacebook.com%20%22Padernense%20Clube%22%20Portugal%20futebol
AD Braeuros,AF Aveiro,2ª Divisão,Instagram e Facebook,,,https://www.google.com/search?q=site%3Ainstagram.com%20%22AD%20Braeuros%22%20Portugal%20futebol,https://www.google.com/search?q=site%3Afacebook.com%20%22AD%20Braeuros%22%20Portugal%20futebol
AD Nariz,AF Aveiro,2ª Divisão,Instagram e Facebook,,,https://www.google.com/search?q=site%3Ainstagram.com%20%22AD%20Nariz%22%20Portugal%20futebol,https://www.google.com/search?q=site%3Afacebook.com%20%22AD%20Nariz%22%20Portugal%20futebol
ADR Alvarenga,AF Aveiro,2ª Divisão,Instagram e Facebook,,,https://www.google.com/search?q=site%3Ainstagram.com%20%22ADR%20Alvarenga%22%20Portugal%20futebol,https://www.google.com/search?q=site%3Afacebook.com%20%22ADR%20Alvarenga%22%20Portugal%20futebol
CRC Vale,AF Aveiro,2ª Divisão,Instagram e Facebook,,,https://www.google.com/search?q=site%3Ainstagram.com%20%22CRC%20Vale%22%20Portugal%20futebol,https://www.google.com/search?q=site%3Afacebook.com%20%22CRC%20Vale%22%20Portugal%20futebol
Caldas S. Jorge,AF Aveiro,2ª Divisão,Instagram e Facebook,,,https://www.google.com/search?q=site%3Ainstagram.com%20%22Caldas%20S.%20Jorge%22%20Portugal%20futebol,https://www.google.com/search?q=site%3Afacebook.com%20%22Caldas%20S.%20Jorge%22%20Portugal%20futebol
EF Rui Dolores,AF Aveiro,2ª Divisão,Instagram e Facebook,,,https://www.google.com/search?q=site%3Ainstagram.com%20%22EF%20Rui%20Dolores%22%20Portugal%20futebol,https://www.google.com/search?q=site%3Afacebook.com%20%22EF%20Rui%20Dolores%22%20Portugal%20futebol
Mamarrosa,AF Aveiro,2ª Divisão,Instagram e Facebook,,,https://www.google.com/search?q=site%3Ainstagram.com%20%22Mamarrosa%22%20Portugal%20futebol,https://www.google.com/search?q=site%3Afacebook.com%20%22Mamarrosa%22%20Portugal%20futebol
Sozense,AF Aveiro,2ª Divisão,Instagram e Facebook,,,https://www.google.com/search?q=site%3Ainstagram.com%20%22Sozense%22%20Portugal%20futebol,https://www.google.com/search?q=site%3Afacebook.com%20%22Sozense%22%20Portugal%20futebol
Amarelejense,AF Beja,2ª Divisão,Instagram e Facebook,,,https://www.google.com/search?q=site%3Ainstagram.com%20%22Amarelejense%22%20Portugal%20futebol,https://www.google.com/search?q=site%3Afacebook.com%20%22Amarelejense%22%20Portugal%20futebol
CCD Trindade,AF Beja,Divisão Honra,Instagram e Facebook,,,https://www.google.com/search?q=site%3Ainstagram.com%20%22CCD%20Trindade%22%20Portugal%20futebol,https://www.google.com/search?q=site%3Afacebook.com%20%22CCD%20Trindade%22%20Portugal%20futebol
CCRD Santa Vitória,AF Beja,2ª Divisão,Instagram e Facebook,,,https://www.google.com/search?q=site%3Ainstagram.com%20%22CCRD%20Santa%20Vit%C3%B3ria%22%20Portugal%20futebol,https://www.google.com/search?q=site%3Afacebook.com%20%22CCRD%20Santa%20Vit%C3%B3ria%22%20Portugal%20futebol
FC Pereirense,AF Beja,2ª Divisão,Instagram e Facebook,,,https://www.google.com/search?q=site%3Ainstagram.com%20%22FC%20Pereirense%22%20Portugal%20futebol,https://www.google.com/search?q=site%3Afacebook.com%20%22FC%20Pereirense%22%20Portugal%20futebol
GDC Sete,AF Beja,2ª Divisão,Instagram e Facebook,,,https://www.google.com/search?q=site%3Ainstagram.com%20%22GDC%20Sete%22%20Portugal%20futebol,https://www.google.com/search?q=site%3Afacebook.com%20%22GDC%20Sete%22%20Portugal%20futebol
GDR Faro do Alentejo,AF Beja,2ª Divisão,Instagram e Facebook,,,https://www.google.com/search?q=site%3Ainstagram.com%20%22GDR%20Faro%20do%20Alentejo%22%20Portugal%20futebol,https://www.google.com/search?q=site%3Afacebook.com%20%22GDR%20Faro%20do%20Alentejo%22%20Portugal%20futebol
GDR Luzianes-Gare,AF Beja,2ª Divisão,Instagram e Facebook,,,https://www.google.com/search?q=site%3Ainstagram.com%20%22GDR%20Luzianes-Gare%22%20Portugal%20futebol,https://www.google.com/search?q=site%3Afacebook.com%20%22GDR%20Luzianes-Gare%22%20Portugal%20futebol
Panóias,AF Beja,Divisão Honra,Instagram e Facebook,,,https://www.google.com/search?q=site%3Ainstagram.com%20%22Pan%C3%B3ias%22%20Portugal%20futebol,https://www.google.com/search?q=site%3Afacebook.com%20%22Pan%C3%B3ias%22%20Portugal%20futebol
SC Figueirense,AF Beja,Divisão Honra,Instagram e Facebook,,,https://www.google.com/search?q=site%3Ainstagram.com%20%22SC%20Figueirense%22%20Portugal%20futebol,https://www.google.com/search?q=site%3Afacebook.com%20%22SC%20Figueirense%22%20Portugal%20futebol
São Domingos Mértola,AF Beja,2ª Divisão,Instagram e Facebook,,,https://www.google.com/search?q=site%3Ainstagram.com%20%22S%C3%A3o%20Domingos%20M%C3%A9rtola%22%20Portugal%20futebol,https://www.google.com/search?q=site%3Afacebook.com%20%22S%C3%A3o%20Domingos%20M%C3%A9rtola%22%20Portugal%20futebol
AGD Cabanelas,AF Braga,1ª Divisão,Instagram e Facebook,,,https://www.google.com/search?q=site%3Ainstagram.com%20%22AGD%20Cabanelas%22%20Portugal%20futebol,https://www.google.com/search?q=site%3Afacebook.com%20%22AGD%20Cabanelas%22%20Portugal%20futebol
CCD Santa Eulália,AF Braga,Pro-Nacional,Instagram e Facebook,,,https://www.google.com/search?q=site%3Ainstagram.com%20%22CCD%20Santa%20Eul%C3%A1lia%22%20Portugal%20futebol,https://www.google.com/search?q=site%3Afacebook.com%20%22CCD%20Santa%20Eul%C3%A1lia%22%20Portugal%20futebol
Castelões,AF Braga,1ª Divisão,Instagram e Facebook,,,https://www.google.com/search?q=site%3Ainstagram.com%20%22Castel%C3%B5es%22%20Portugal%20futebol,https://www.google.com/search?q=site%3Afacebook.com%20%22Castel%C3%B5es%22%20Portugal%20futebol
FC Brufense 1957,AF Braga,1ª Divisão,Instagram e Facebook,,,https://www.google.com/search?q=site%3Ainstagram.com%20%22FC%20Brufense%201957%22%20Portugal%20futebol,https://www.google.com/search?q=site%3Afacebook.com%20%22FC%20Brufense%201957%22%20Portugal%20futebol
GA Travassós,AF Braga,1ª Divisão,Instagram e Facebook,,,https://www.google.com/search?q=site%3Ainstagram.com%20%22GA%20Travass%C3%B3s%22%20Portugal%20futebol,https://www.google.com/search?q=site%3Afacebook.com%20%22GA%20Travass%C3%B3s%22%20Portugal%20futebol
GD JB7,AF Braga,1ª Divisão,Instagram e Facebook,,,https://www.google.com/search?q=site%3Ainstagram.com%20%22GD%20JB7%22%20Portugal%20futebol,https://www.google.com/search?q=site%3Afacebook.com%20%22GD%20JB7%22%20Portugal%20futebol
GD Prado,AF Braga,Pro-Nacional,Instagram e Facebook,,,https://www.google.com/search?q=site%3Ainstagram.com%20%22GD%20Prado%22%20Portugal%20futebol,https://www.google.com/search?q=site%3Afacebook.com%20%22GD%20Prado%22%20Portugal%20futebol
GD S. Cristovão,AF Braga,Divisão Honra,Instagram e Facebook,,,https://www.google.com/search?q=site%3Ainstagram.com%20%22GD%20S.%20Cristov%C3%A3o%22%20Portugal%20futebol,https://www.google.com/search?q=site%3Afacebook.com%20%22GD%20S.%20Cristov%C3%A3o%22%20Portugal%20futebol
GDC Mosteiro,AF Braga,1ª Divisão,Instagram e Facebook,,,https://www.google.com/search?q=site%3Ainstagram.com%20%22GDC%20Mosteiro%22%20Portugal%20futebol,https://www.google.com/search?q=site%3Afacebook.com%20%22GDC%20Mosteiro%22%20Portugal%20futebol
GDST Pinheiro,AF Braga,1ª Divisão,Instagram e Facebook,,,https://www.google.com/search?q=site%3Ainstagram.com%20%22GDST%20Pinheiro%22%20Portugal%20futebol,https://www.google.com/search?q=site%3Afacebook.com%20%22GDST%20Pinheiro%22%20Portugal%20futebol
Hongcheon Ldu,AF Braga,1ª Divisão,Instagram e Facebook,,,https://www.google.com/search?q=site%3Ainstagram.com%20%22Hongcheon%20Ldu%22%20Portugal%20futebol,https://www.google.com/search?q=site%3Afacebook.com%20%22Hongcheon%20Ldu%22%20Portugal%20futebol
Infias,AF Braga,1ª Divisão,Instagram e Facebook,,,https://www.google.com/search?q=site%3Ainstagram.com%20%22Infias%22%20Portugal%20futebol,https://www.google.com/search?q=site%3Afacebook.com%20%22Infias%22%20Portugal%20futebol
Juv. Póvoa,AF Braga,1ª Divisão,Instagram e Facebook,,,https://www.google.com/search?q=site%3Ainstagram.com%20%22Juv.%20P%C3%B3voa%22%20Portugal%20futebol,https://www.google.com/search?q=site%3Afacebook.com%20%22Juv.%20P%C3%B3voa%22%20Portugal%20futebol
Operário Famalicão,AF Braga,Divisão Honra,Instagram e Facebook,,,https://www.google.com/search?q=site%3Ainstagram.com%20%22Oper%C3%A1rio%20Famalic%C3%A3o%22%20Portugal%20futebol,https://www.google.com/search?q=site%3Afacebook.com%20%22Oper%C3%A1rio%20Famalic%C3%A3o%22%20Portugal%20futebol
Parada de Tibães,AF Braga,1ª Divisão,Instagram e Facebook,,,https://www.google.com/search?q=site%3Ainstagram.com%20%22Parada%20de%20Tib%C3%A3es%22%20Portugal%20futebol,https://www.google.com/search?q=site%3Afacebook.com%20%22Parada%20de%20Tib%C3%A3es%22%20Portugal%20futebol
Pica,AF Braga,Divisão Honra,Instagram e Facebook,,,https://www.google.com/search?q=site%3Ainstagram.com%20%22Pica%22%20Portugal%20futebol,https://www.google.com/search?q=site%3Afacebook.com%20%22Pica%22%20Portugal%20futebol
Porto D´Ave,AF Braga,Divisão Honra,Instagram e Facebook,,,https://www.google.com/search?q=site%3Ainstagram.com%20%22Porto%20D%C2%B4Ave%22%20Portugal%20futebol,https://www.google.com/search?q=site%3Afacebook.com%20%22Porto%20D%C2%B4Ave%22%20Portugal%20futebol
Rendufe,AF Braga,1ª Divisão,Instagram e Facebook,,,https://www.google.com/search?q=site%3Ainstagram.com%20%22Rendufe%22%20Portugal%20futebol,https://www.google.com/search?q=site%3Afacebook.com%20%22Rendufe%22%20Portugal%20futebol
Santa Maria FC,AF Braga,Pro-Nacional,Instagram e Facebook,,,https://www.google.com/search?q=site%3Ainstagram.com%20%22Santa%20Maria%20FC%22%20Portugal%20futebol,https://www.google.com/search?q=site%3Afacebook.com%20%22Santa%20Maria%20FC%22%20Portugal%20futebol
São Mamede D´Este,AF Braga,1ª Divisão,Instagram e Facebook,,,https://www.google.com/search?q=site%3Ainstagram.com%20%22S%C3%A3o%20Mamede%20D%C2%B4Este%22%20Portugal%20futebol,https://www.google.com/search?q=site%3Afacebook.com%20%22S%C3%A3o%20Mamede%20D%C2%B4Este%22%20Portugal%20futebol
Tagilde,AF Braga,1ª Divisão,Instagram e Facebook,,,https://www.google.com/search?q=site%3Ainstagram.com%20%22Tagilde%22%20Portugal%20futebol,https://www.google.com/search?q=site%3Afacebook.com%20%22Tagilde%22%20Portugal%20futebol
Terras de Bouro,AF Braga,1ª Divisão,Instagram e Facebook,,,https://www.google.com/search?q=site%3Ainstagram.com%20%22Terras%20de%20Bouro%22%20Portugal%20futebol,https://www.google.com/search?q=site%3Afacebook.com%20%22Terras%20de%20Bouro%22%20Portugal%20futebol
Turiz,AF Braga,1ª Divisão,Instagram e Facebook,,,https://www.google.com/search?q=site%3Ainstagram.com%20%22Turiz%22%20Portugal%20futebol,https://www.google.com/search?q=site%3Afacebook.com%20%22Turiz%22%20Portugal%20futebol
Carção,AF Bragança,Divisão de Honra,Instagram e Facebook,,,https://www.google.com/search?q=site%3Ainstagram.com%20%22Car%C3%A7%C3%A3o%22%20Portugal%20futebol,https://www.google.com/search?q=site%3Afacebook.com%20%22Car%C3%A7%C3%A3o%22%20Portugal%20futebol
Rebordelo,AF Bragança,Divisão de Honra,Instagram e Facebook,,,https://www.google.com/search?q=site%3Ainstagram.com%20%22Rebordelo%22%20Portugal%20futebol,https://www.google.com/search?q=site%3Afacebook.com%20%22Rebordelo%22%20Portugal%20futebol
UPB,AF Bragança,Divisão de Honra,Instagram e Facebook,,,https://www.google.com/search?q=site%3Ainstagram.com%20%22UPB%22%20Portugal%20futebol,https://www.google.com/search?q=site%3Afacebook.com%20%22UPB%22%20Portugal%20futebol
ADC Proença-a-Nova,AF Castelo Branco,Liga de Honra,Instagram e Facebook,,,https://www.google.com/search?q=site%3Ainstagram.com%20%22ADC%20Proen%C3%A7a-a-Nova%22%20Portugal%20futebol,https://www.google.com/search?q=site%3Afacebook.com%20%22ADC%20Proen%C3%A7a-a-Nova%22%20Portugal%20futebol
Ala-Arriba,AF Coimbra,Divisão Honra,Instagram e Facebook,,,https://www.google.com/search?q=site%3Ainstagram.com%20%22Ala-Arriba%22%20Portugal%20futebol,https://www.google.com/search?q=site%3Afacebook.com%20%22Ala-Arriba%22%20Portugal%20futebol
CDR Vasco da Gama,AF Coimbra,1ª Divisão,Instagram e Facebook,,,https://www.google.com/search?q=site%3Ainstagram.com%20%22CDR%20Vasco%20da%20Gama%22%20Portugal%20futebol,https://www.google.com/search?q=site%3Afacebook.com%20%22CDR%20Vasco%20da%20Gama%22%20Portugal%20futebol
COJA,AF Coimbra,Divisão Honra,Instagram e Facebook,,,https://www.google.com/search?q=site%3Ainstagram.com%20%22COJA%22%20Portugal%20futebol,https://www.google.com/search?q=site%3Afacebook.com%20%22COJA%22%20Portugal%20futebol
Desp. Lagares,AF Coimbra,Divisão Honra,Instagram e Facebook,,,https://www.google.com/search?q=site%3Ainstagram.com%20%22Desp.%20Lagares%22%20Portugal%20futebol,https://www.google.com/search?q=site%3Afacebook.com%20%22Desp.%20Lagares%22%20Portugal%20futebol
Febres,AF Coimbra,Divisão Honra,Instagram e Facebook,,,https://www.google.com/search?q=site%3Ainstagram.com%20%22Febres%22%20Portugal%20futebol,https://www.google.com/search?q=site%3Afacebook.com%20%22Febres%22%20Portugal%20futebol
GIR Quiaense,AF Coimbra,1ª Divisão,Instagram e Facebook,,,https://www.google.com/search?q=site%3Ainstagram.com%20%22GIR%20Quiaense%22%20Portugal%20futebol,https://www.google.com/search?q=site%3Afacebook.com%20%22GIR%20Quiaense%22%20Portugal%20futebol
Góis,AF Coimbra,1ª Divisão,Instagram e Facebook,,,https://www.google.com/search?q=site%3Ainstagram.com%20%22G%C3%B3is%22%20Portugal%20futebol,https://www.google.com/search?q=site%3Afacebook.com%20%22G%C3%B3is%22%20Portugal%20futebol
Juventude Arzila,AF Coimbra,Divisão Honra,Instagram e Facebook,,,https://www.google.com/search?q=site%3Ainstagram.com%20%22Juventude%20Arzila%22%20Portugal%20futebol,https://www.google.com/search?q=site%3Afacebook.com%20%22Juventude%20Arzila%22%20Portugal%20futebol
São Silvestre,AF Coimbra,1ª Divisão,Instagram e Facebook,,,https://www.google.com/search?q=site%3Ainstagram.com%20%22S%C3%A3o%20Silvestre%22%20Portugal%20futebol,https://www.google.com/search?q=site%3Afacebook.com%20%22S%C3%A3o%20Silvestre%22%20Portugal%20futebol
Tabuense,AF Coimbra,1ª Divisão,Instagram e Facebook,,,https://www.google.com/search?q=site%3Ainstagram.com%20%22Tabuense%22%20Portugal%20futebol,https://www.google.com/search?q=site%3Afacebook.com%20%22Tabuense%22%20Portugal%20futebol
Touring,AF Coimbra,Divisão Honra,Instagram e Facebook,,,https://www.google.com/search?q=site%3Ainstagram.com%20%22Touring%22%20Portugal%20futebol,https://www.google.com/search?q=site%3Afacebook.com%20%22Touring%22%20Portugal%20futebol
União FC,AF Coimbra,Divisão Elite,Instagram e Facebook,,,https://www.google.com/search?q=site%3Ainstagram.com%20%22Uni%C3%A3o%20FC%22%20Portugal%20futebol,https://www.google.com/search?q=site%3Afacebook.com%20%22Uni%C3%A3o%20FC%22%20Portugal%20futebol
Fornos de Algodres,AF Guarda,1ª Divisão,Instagram e Facebook,,,https://www.google.com/search?q=site%3Ainstagram.com%20%22Fornos%20de%20Algodres%22%20Portugal%20futebol,https://www.google.com/search?q=site%3Afacebook.com%20%22Fornos%20de%20Algodres%22%20Portugal%20futebol
Freixo de Numão,AF Guarda,2ª Divisão,Instagram e Facebook,,,https://www.google.com/search?q=site%3Ainstagram.com%20%22Freixo%20de%20Num%C3%A3o%22%20Portugal%20futebol,https://www.google.com/search?q=site%3Afacebook.com%20%22Freixo%20de%20Num%C3%A3o%22%20Portugal%20futebol
GD Foz Côa,AF Guarda,2ª Divisão,Instagram e Facebook,,,https://www.google.com/search?q=site%3Ainstagram.com%20%22GD%20Foz%20C%C3%B4a%22%20Portugal%20futebol,https://www.google.com/search?q=site%3Afacebook.com%20%22GD%20Foz%20C%C3%B4a%22%20Portugal%20futebol
Ginásio Figueirense (C. Rodrigo),AF Guarda,1ª Divisão,Instagram e Facebook,,,https://www.google.com/search?q=site%3Ainstagram.com%20%22Gin%C3%A1sio%20Figueirense%20%28C.%20Rodrigo%29%22%20Portugal%20futebol,https://www.google.com/search?q=site%3Afacebook.com%20%22Gin%C3%A1sio%20Figueirense%20%28C.%20Rodrigo%29%22%20Portugal%20futebol
Gonçalense,AF Guarda,2ª Divisão,Instagram e Facebook,,,https://www.google.com/search?q=site%3Ainstagram.com%20%22Gon%C3%A7alense%22%20Portugal%20futebol,https://www.google.com/search?q=site%3Afacebook.com%20%22Gon%C3%A7alense%22%20Portugal%20futebol
Manteigas,AF Guarda,1ª Divisão,Instagram e Facebook,,,https://www.google.com/search?q=site%3Ainstagram.com%20%22Manteigas%22%20Portugal%20futebol,https://www.google.com/search?q=site%3Afacebook.com%20%22Manteigas%22%20Portugal%20futebol
Palmares Futebol Clube,AF Guarda,2ª Divisão,Instagram e Facebook,,,https://www.google.com/search?q=site%3Ainstagram.com%20%22Palmares%20Futebol%20Clube%22%20Portugal%20futebol,https://www.google.com/search?q=site%3Afacebook.com%20%22Palmares%20Futebol%20Clube%22%20Portugal%20futebol
SC Celoricense,AF Guarda,1ª Divisão,Instagram e Facebook,,,https://www.google.com/search?q=site%3Ainstagram.com%20%22SC%20Celoricense%22%20Portugal%20futebol,https://www.google.com/search?q=site%3Afacebook.com%20%22SC%20Celoricense%22%20Portugal%20futebol
VF Naves,AF Guarda,2ª Divisão,Instagram e Facebook,,,https://www.google.com/search?q=site%3Ainstagram.com%20%22VF%20Naves%22%20Portugal%20futebol,https://www.google.com/search?q=site%3Afacebook.com%20%22VF%20Naves%22%20Portugal%20futebol
Salão,AF Horta,Campeonato Pico/Faial,Instagram e Facebook,,,https://www.google.com/search?q=site%3Ainstagram.com%20%22Sal%C3%A3o%22%20Portugal%20futebol,https://www.google.com/search?q=site%3Afacebook.com%20%22Sal%C3%A3o%22%20Portugal%20futebol
Alegre e Unido,AF Leiria,1ª Divisão,Instagram e Facebook,,,https://www.google.com/search?q=site%3Ainstagram.com%20%22Alegre%20e%20Unido%22%20Portugal%20futebol,https://www.google.com/search?q=site%3Afacebook.com%20%22Alegre%20e%20Unido%22%20Portugal%20futebol
Alqueidão da Serra,AF Leiria,Divisão Honra,Instagram e Facebook,,,https://www.google.com/search?q=site%3Ainstagram.com%20%22Alqueid%C3%A3o%20da%20Serra%22%20Portugal%20futebol,https://www.google.com/search?q=site%3Afacebook.com%20%22Alqueid%C3%A3o%20da%20Serra%22%20Portugal%20futebol
Ansião,AF Leiria,1ª Divisão,Instagram e Facebook,,,https://www.google.com/search?q=site%3Ainstagram.com%20%22Ansi%C3%A3o%22%20Portugal%20futebol,https://www.google.com/search?q=site%3Afacebook.com%20%22Ansi%C3%A3o%22%20Portugal%20futebol
Caseirinhos,AF Leiria,1ª Divisão,Instagram e Facebook,,,https://www.google.com/search?q=site%3Ainstagram.com%20%22Caseirinhos%22%20Portugal%20futebol,https://www.google.com/search?q=site%3Afacebook.com%20%22Caseirinhos%22%20Portugal%20futebol
Chão de Couce,AF Leiria,1ª Divisão,Instagram e Facebook,,,https://www.google.com/search?q=site%3Ainstagram.com%20%22Ch%C3%A3o%20de%20Couce%22%20Portugal%20futebol,https://www.google.com/search?q=site%3Afacebook.com%20%22Ch%C3%A3o%20de%20Couce%22%20Portugal%20futebol
Figueiró Vinhos,AF Leiria,1ª Divisão,Instagram e Facebook,,,https://www.google.com/search?q=site%3Ainstagram.com%20%22Figueir%C3%B3%20Vinhos%22%20Portugal%20futebol,https://www.google.com/search?q=site%3Afacebook.com%20%22Figueir%C3%B3%20Vinhos%22%20Portugal%20futebol
GDR Bidoeirense,AF Leiria,1ª Divisão,Instagram e Facebook,,,https://www.google.com/search?q=site%3Ainstagram.com%20%22GDR%20Bidoeirense%22%20Portugal%20futebol,https://www.google.com/search?q=site%3Afacebook.com%20%22GDR%20Bidoeirense%22%20Portugal%20futebol
Est. Amadora,AF Lisboa,3ª Divisão MKA,Instagram e Facebook,,,https://www.google.com/search?q=site%3Ainstagram.com%20%22Est.%20Amadora%22%20Portugal%20futebol,https://www.google.com/search?q=site%3Afacebook.com%20%22Est.%20Amadora%22%20Portugal%20futebol
Fundação Salesianos,AF Lisboa,3ª Divisão MKA,Instagram e Facebook,,,https://www.google.com/search?q=site%3Ainstagram.com%20%22Funda%C3%A7%C3%A3o%20Salesianos%22%20Portugal%20futebol,https://www.google.com/search?q=site%3Afacebook.com%20%22Funda%C3%A7%C3%A3o%20Salesianos%22%20Portugal%20futebol
Malveira da Serra,AF Lisboa,3ª Divisão MKA,Instagram e Facebook,,,https://www.google.com/search?q=site%3Ainstagram.com%20%22Malveira%20da%20Serra%22%20Portugal%20futebol,https://www.google.com/search?q=site%3Afacebook.com%20%22Malveira%20da%20Serra%22%20Portugal%20futebol
Porto Salvo,AF Lisboa,3ª Divisão MKA,Instagram e Facebook,,,https://www.google.com/search?q=site%3Ainstagram.com%20%22Porto%20Salvo%22%20Portugal%20futebol,https://www.google.com/search?q=site%3Afacebook.com%20%22Porto%20Salvo%22%20Portugal%20futebol
Quinta dos Lombos,AF Lisboa,3ª Divisão MKA,Instagram e Facebook,,,https://www.google.com/search?q=site%3Ainstagram.com%20%22Quinta%20dos%20Lombos%22%20Portugal%20futebol,https://www.google.com/search?q=site%3Afacebook.com%20%22Quinta%20dos%20Lombos%22%20Portugal%20futebol
São Pedro,AF Lisboa,3ª Divisão MKA,Instagram e Facebook,,,https://www.google.com/search?q=site%3Ainstagram.com%20%22S%C3%A3o%20Pedro%22%20Portugal%20futebol,https://www.google.com/search?q=site%3Afacebook.com%20%22S%C3%A3o%20Pedro%22%20Portugal%20futebol
U. Tires,AF Lisboa,2ª Divisão MKA,Instagram e Facebook,,,https://www.google.com/search?q=site%3Ainstagram.com%20%22U.%20Tires%22%20Portugal%20futebol,https://www.google.com/search?q=site%3Afacebook.com%20%22U.%20Tires%22%20Portugal%20futebol
Vila F. Rosário,AF Lisboa,3ª Divisão MKA,Instagram e Facebook,,,https://www.google.com/search?q=site%3Ainstagram.com%20%22Vila%20F.%20Ros%C3%A1rio%22%20Portugal%20futebol,https://www.google.com/search?q=site%3Afacebook.com%20%22Vila%20F.%20Ros%C3%A1rio%22%20Portugal%20futebol
Vila Verde,AF Lisboa,3ª Divisão MKA,Instagram e Facebook,,,https://www.google.com/search?q=site%3Ainstagram.com%20%22Vila%20Verde%22%20Portugal%20futebol,https://www.google.com/search?q=site%3Afacebook.com%20%22Vila%20Verde%22%20Portugal%20futebol
Vilafranquense,AF Lisboa,3ª Divisão MKA,Instagram e Facebook,,,https://www.google.com/search?q=site%3Ainstagram.com%20%22Vilafranquense%22%20Portugal%20futebol,https://www.google.com/search?q=site%3Afacebook.com%20%22Vilafranquense%22%20Portugal%20futebol
CF Caniçal,AF Madeira,Divisão de Honra,Instagram e Facebook,,,https://www.google.com/search?q=site%3Ainstagram.com%20%22CF%20Cani%C3%A7al%22%20Portugal%20futebol,https://www.google.com/search?q=site%3Afacebook.com%20%22CF%20Cani%C3%A7al%22%20Portugal%20futebol
Juventude de Gaula,AF Madeira,Divisão de Honra,Instagram e Facebook,,,https://www.google.com/search?q=site%3Ainstagram.com%20%22Juventude%20de%20Gaula%22%20Portugal%20futebol,https://www.google.com/search?q=site%3Afacebook.com%20%22Juventude%20de%20Gaula%22%20Portugal%20futebol
Os Xavelhas,AF Madeira,Divisão de Honra,Instagram e Facebook,,,https://www.google.com/search?q=site%3Ainstagram.com%20%22Os%20Xavelhas%22%20Portugal%20futebol,https://www.google.com/search?q=site%3Afacebook.com%20%22Os%20Xavelhas%22%20Portugal%20futebol
Nisa e Benfica,AF Portalegre,Campeonato Distrital,Instagram e Facebook,,,https://www.google.com/search?q=site%3Ainstagram.com%20%22Nisa%20e%20Benfica%22%20Portugal%20futebol,https://www.google.com/search?q=site%3Afacebook.com%20%22Nisa%20e%20Benfica%22%20Portugal%20futebol
ASS Nevogilde,AF Porto,1ª Divisão,Instagram e Facebook,,,https://www.google.com/search?q=site%3Ainstagram.com%20%22ASS%20Nevogilde%22%20Portugal%20futebol,https://www.google.com/search?q=site%3Afacebook.com%20%22ASS%20Nevogilde%22%20Portugal%20futebol
Ataense,AF Porto,Divisão Honra,Instagram e Facebook,,,https://www.google.com/search?q=site%3Ainstagram.com%20%22Ataense%22%20Portugal%20futebol,https://www.google.com/search?q=site%3Afacebook.com%20%22Ataense%22%20Portugal%20futebol
CCD Sobrosa,AF Porto,1ª Divisão,Instagram e Facebook,,,https://www.google.com/search?q=site%3Ainstagram.com%20%22CCD%20Sobrosa%22%20Portugal%20futebol,https://www.google.com/search?q=site%3Afacebook.com%20%22CCD%20Sobrosa%22%20Portugal%20futebol
CD Flamengo,AF Porto,1ª Divisão,Instagram e Facebook,,,https://www.google.com/search?q=site%3Ainstagram.com%20%22CD%20Flamengo%22%20Portugal%20futebol,https://www.google.com/search?q=site%3Afacebook.com%20%22CD%20Flamengo%22%20Portugal%20futebol
Escola Futebol 115,AF Porto,1ª Divisão,Instagram e Facebook,,,https://www.google.com/search?q=site%3Ainstagram.com%20%22Escola%20Futebol%20115%22%20Portugal%20futebol,https://www.google.com/search?q=site%3Afacebook.com%20%22Escola%20Futebol%20115%22%20Portugal%20futebol
Freixo de Cima,AF Porto,Divisão Honra,Instagram e Facebook,,,https://www.google.com/search?q=site%3Ainstagram.com%20%22Freixo%20de%20Cima%22%20Portugal%20futebol,https://www.google.com/search?q=site%3Afacebook.com%20%22Freixo%20de%20Cima%22%20Portugal%20futebol
Gondim-Maia,AF Porto,Divisão Elite,Instagram e Facebook,,,https://www.google.com/search?q=site%3Ainstagram.com%20%22Gondim-Maia%22%20Portugal%20futebol,https://www.google.com/search?q=site%3Afacebook.com%20%22Gondim-Maia%22%20Portugal%20futebol
Juventus da Triana,AF Porto,1ª Divisão,Instagram e Facebook,,,https://www.google.com/search?q=site%3Ainstagram.com%20%22Juventus%20da%20Triana%22%20Portugal%20futebol,https://www.google.com/search?q=site%3Afacebook.com%20%22Juventus%20da%20Triana%22%20Portugal%20futebol
Livração,AF Porto,Divisão Honra,Instagram e Facebook,,,https://www.google.com/search?q=site%3Ainstagram.com%20%22Livra%C3%A7%C3%A3o%22%20Portugal%20futebol,https://www.google.com/search?q=site%3Afacebook.com%20%22Livra%C3%A7%C3%A3o%22%20Portugal%20futebol
Marechal Gomes da Costa,AF Porto,1ª Divisão,Instagram e Facebook,,,https://www.google.com/search?q=site%3Ainstagram.com%20%22Marechal%20Gomes%20da%20Costa%22%20Portugal%20futebol,https://www.google.com/search?q=site%3Afacebook.com%20%22Marechal%20Gomes%20da%20Costa%22%20Portugal%20futebol
Melres DC,AF Porto,1ª Divisão,Instagram e Facebook,,,https://www.google.com/search?q=site%3Ainstagram.com%20%22Melres%20DC%22%20Portugal%20futebol,https://www.google.com/search?q=site%3Afacebook.com%20%22Melres%20DC%22%20Portugal%20futebol
Os Pienses,AF Porto,1ª Divisão,Instagram e Facebook,,,https://www.google.com/search?q=site%3Ainstagram.com%20%22Os%20Pienses%22%20Portugal%20futebol,https://www.google.com/search?q=site%3Afacebook.com%20%22Os%20Pienses%22%20Portugal%20futebol
Panteras Negras FC,AF Porto,Divisão Honra,Instagram e Facebook,,,https://www.google.com/search?q=site%3Ainstagram.com%20%22Panteras%20Negras%20FC%22%20Portugal%20futebol,https://www.google.com/search?q=site%3Afacebook.com%20%22Panteras%20Negras%20FC%22%20Portugal%20futebol
Paços de Gaiolo,AF Porto,1ª Divisão,Instagram e Facebook,,,https://www.google.com/search?q=site%3Ainstagram.com%20%22Pa%C3%A7os%20de%20Gaiolo%22%20Portugal%20futebol,https://www.google.com/search?q=site%3Afacebook.com%20%22Pa%C3%A7os%20de%20Gaiolo%22%20Portugal%20futebol
SC Salvadorense,AF Porto,1ª Divisão,Instagram e Facebook,,,https://www.google.com/search?q=site%3Ainstagram.com%20%22SC%20Salvadorense%22%20Portugal%20futebol,https://www.google.com/search?q=site%3Afacebook.com%20%22SC%20Salvadorense%22%20Portugal%20futebol
SC Villa,AF Porto,1ª Divisão,Instagram e Facebook,,,https://www.google.com/search?q=site%3Ainstagram.com%20%22SC%20Villa%22%20Portugal%20futebol,https://www.google.com/search?q=site%3Afacebook.com%20%22SC%20Villa%22%20Portugal%20futebol
UD São Mamede,AF Porto,1ª Divisão,Instagram e Facebook,,,https://www.google.com/search?q=site%3Ainstagram.com%20%22UD%20S%C3%A3o%20Mamede%22%20Portugal%20futebol,https://www.google.com/search?q=site%3Afacebook.com%20%22UD%20S%C3%A3o%20Mamede%22%20Portugal%20futebol
UDS Roriz,AF Porto,Divisão Elite,Instagram e Facebook,,,https://www.google.com/search?q=site%3Ainstagram.com%20%22UDS%20Roriz%22%20Portugal%20futebol,https://www.google.com/search?q=site%3Afacebook.com%20%22UDS%20Roriz%22%20Portugal%20futebol
UFC Sousa,AF Porto,Divisão Honra,Instagram e Facebook,,,https://www.google.com/search?q=site%3Ainstagram.com%20%22UFC%20Sousa%22%20Portugal%20futebol,https://www.google.com/search?q=site%3Afacebook.com%20%22UFC%20Sousa%22%20Portugal%20futebol
Ventura SC,AF Porto,1ª Divisão,Instagram e Facebook,,,https://www.google.com/search?q=site%3Ainstagram.com%20%22Ventura%20SC%22%20Portugal%20futebol,https://www.google.com/search?q=site%3Afacebook.com%20%22Ventura%20SC%22%20Portugal%20futebol
Vila FC,AF Porto,Divisão Honra,Instagram e Facebook,,,https://www.google.com/search?q=site%3Ainstagram.com%20%22Vila%20FC%22%20Portugal%20futebol,https://www.google.com/search?q=site%3Afacebook.com%20%22Vila%20FC%22%20Portugal%20futebol
Águias de Figueiras,AF Porto,1ª Divisão,Instagram e Facebook,,,https://www.google.com/search?q=site%3Ainstagram.com%20%22%C3%81guias%20de%20Figueiras%22%20Portugal%20futebol,https://www.google.com/search?q=site%3Afacebook.com%20%22%C3%81guias%20de%20Figueiras%22%20Portugal%20futebol
Águias de Gaia,AF Porto,1ª Divisão,Instagram e Facebook,,,https://www.google.com/search?q=site%3Ainstagram.com%20%22%C3%81guias%20de%20Gaia%22%20Portugal%20futebol,https://www.google.com/search?q=site%3Afacebook.com%20%22%C3%81guias%20de%20Gaia%22%20Portugal%20futebol
ADRC Vasco da Gama,AF Santarém,1ª Divisão,Instagram e Facebook,,,https://www.google.com/search?q=site%3Ainstagram.com%20%22ADRC%20Vasco%20da%20Gama%22%20Portugal%20futebol,https://www.google.com/search?q=site%3Afacebook.com%20%22ADRC%20Vasco%20da%20Gama%22%20Portugal%20futebol
Entroncamento AC,AF Santarém,1ª Divisão,Instagram e Facebook,,,https://www.google.com/search?q=site%3Ainstagram.com%20%22Entroncamento%20AC%22%20Portugal%20futebol,https://www.google.com/search?q=site%3Afacebook.com%20%22Entroncamento%20AC%22%20Portugal%20futebol
GD Benfica do Ribatejo,AF Santarém,2ª Divisão,Instagram e Facebook,,,https://www.google.com/search?q=site%3Ainstagram.com%20%22GD%20Benfica%20do%20Ribatejo%22%20Portugal%20futebol,https://www.google.com/search?q=site%3Afacebook.com%20%22GD%20Benfica%20do%20Ribatejo%22%20Portugal%20futebol
GD Pontével,AF Santarém,1ª Divisão,Instagram e Facebook,,,https://www.google.com/search?q=site%3Ainstagram.com%20%22GD%20Pont%C3%A9vel%22%20Portugal%20futebol,https://www.google.com/search?q=site%3Afacebook.com%20%22GD%20Pont%C3%A9vel%22%20Portugal%20futebol
Moçarriense,AF Santarém,1ª Divisão,Instagram e Facebook,,,https://www.google.com/search?q=site%3Ainstagram.com%20%22Mo%C3%A7arriense%22%20Portugal%20futebol,https://www.google.com/search?q=site%3Afacebook.com%20%22Mo%C3%A7arriense%22%20Portugal%20futebol
Ortiga,AF Santarém,2ª Divisão,Instagram e Facebook,,,https://www.google.com/search?q=site%3Ainstagram.com%20%22Ortiga%22%20Portugal%20futebol,https://www.google.com/search?q=site%3Afacebook.com%20%22Ortiga%22%20Portugal%20futebol
QT SC Rio Maior,AF Santarém,2ª Divisão,Instagram e Facebook,,,https://www.google.com/search?q=site%3Ainstagram.com%20%22QT%20SC%20Rio%20Maior%22%20Portugal%20futebol,https://www.google.com/search?q=site%3Afacebook.com%20%22QT%20SC%20Rio%20Maior%22%20Portugal%20futebol
Rebocho,AF Santarém,2ª Divisão,Instagram e Facebook,,,https://www.google.com/search?q=site%3Ainstagram.com%20%22Rebocho%22%20Portugal%20futebol,https://www.google.com/search?q=site%3Afacebook.com%20%22Rebocho%22%20Portugal%20futebol
GDSC Moitense,AF Setúbal,2ª Divisão,Instagram e Facebook,,,https://www.google.com/search?q=site%3Ainstagram.com%20%22GDSC%20Moitense%22%20Portugal%20futebol,https://www.google.com/search?q=site%3Afacebook.com%20%22GDSC%20Moitense%22%20Portugal%20futebol
JD Carvalhal,AF Setúbal,2ª Divisão,Instagram e Facebook,,,https://www.google.com/search?q=site%3Ainstagram.com%20%22JD%20Carvalhal%22%20Portugal%20futebol,https://www.google.com/search?q=site%3Afacebook.com%20%22JD%20Carvalhal%22%20Portugal%20futebol
Pescadores,AF Setúbal,1ª Divisão,Instagram e Facebook,,,https://www.google.com/search?q=site%3Ainstagram.com%20%22Pescadores%22%20Portugal%20futebol,https://www.google.com/search?q=site%3Afacebook.com%20%22Pescadores%22%20Portugal%20futebol
UFC,AF Setúbal,2ª Divisão,Instagram e Facebook,,,https://www.google.com/search?q=site%3Ainstagram.com%20%22UFC%22%20Portugal%20futebol,https://www.google.com/search?q=site%3Afacebook.com%20%22UFC%22%20Portugal%20futebol
FC Cabaços,AF Viana do Castelo,2ª Divisão MKA,Instagram e Facebook,,,https://www.google.com/search?q=site%3Ainstagram.com%20%22FC%20Caba%C3%A7os%22%20Portugal%20futebol,https://www.google.com/search?q=site%3Afacebook.com%20%22FC%20Caba%C3%A7os%22%20Portugal%20futebol
Os Torreenses,AF Viana do Castelo,2ª Divisão MKA,Instagram e Facebook,,,https://www.google.com/search?q=site%3Ainstagram.com%20%22Os%20Torreenses%22%20Portugal%20futebol,https://www.google.com/search?q=site%3Afacebook.com%20%22Os%20Torreenses%22%20Portugal%20futebol
Távora,AF Viana do Castelo,2ª Divisão MKA,Instagram e Facebook,,,https://www.google.com/search?q=site%3Ainstagram.com%20%22T%C3%A1vora%22%20Portugal%20futebol,https://www.google.com/search?q=site%3Afacebook.com%20%22T%C3%A1vora%22%20Portugal%20futebol
UD Moreira,AF Viana do Castelo,2ª Divisão MKA,Instagram e Facebook,,,https://www.google.com/search?q=site%3Ainstagram.com%20%22UD%20Moreira%22%20Portugal%20futebol,https://www.google.com/search?q=site%3Afacebook.com%20%22UD%20Moreira%22%20Portugal%20futebol
Vitorino de Piães,AF Viana do Castelo,1ª Divisão SABSEG,Instagram e Facebook,,,https://www.google.com/search?q=site%3Ainstagram.com%20%22Vitorino%20de%20Pi%C3%A3es%22%20Portugal%20futebol,https://www.google.com/search?q=site%3Afacebook.com%20%22Vitorino%20de%20Pi%C3%A3es%22%20Portugal%20futebol
Aguiar,AF Évora,Liga AFE,Instagram e Facebook,,,https://www.google.com/search?q=site%3Ainstagram.com%20%22Aguiar%22%20Portugal%20futebol,https://www.google.com/search?q=site%3Afacebook.com%20%22Aguiar%22%20Portugal%20futebol
Arcoense,AF Évora,"Liga AFE, Liga Elite",Instagram e Facebook,,,https://www.google.com/search?q=site%3Ainstagram.com%20%22Arcoense%22%20Portugal%20futebol,https://www.google.com/search?q=site%3Afacebook.com%20%22Arcoense%22%20Portugal%20futebol
Cortiçadense,AF Évora,Liga AFE,Instagram e Facebook,,,https://www.google.com/search?q=site%3Ainstagram.com%20%22Corti%C3%A7adense%22%20Portugal%20futebol,https://www.google.com/search?q=site%3Afacebook.com%20%22Corti%C3%A7adense%22%20Portugal%20futebol
Corval,AF Évora,Liga AFE,Instagram e Facebook,,,https://www.google.com/search?q=site%3Ainstagram.com%20%22Corval%22%20Portugal%20futebol,https://www.google.com/search?q=site%3Afacebook.com%20%22Corval%22%20Portugal%20futebol
GD Cabrela,AF Évora,Liga AFE,Instagram e Facebook,,,https://www.google.com/search?q=site%3Ainstagram.com%20%22GD%20Cabrela%22%20Portugal%20futebol,https://www.google.com/search?q=site%3Afacebook.com%20%22GD%20Cabrela%22%20Portugal%20futebol
GD Tourega,AF Évora,Liga AFE,Instagram e Facebook,,,https://www.google.com/search?q=site%3Ainstagram.com%20%22GD%20Tourega%22%20Portugal%20futebol,https://www.google.com/search?q=site%3Afacebook.com%20%22GD%20Tourega%22%20Portugal%20futebol
GDS Pedrense,AF Évora,Liga AFE,Instagram e Facebook,,,https://www.google.com/search?q=site%3Ainstagram.com%20%22GDS%20Pedrense%22%20Portugal%20futebol,https://www.google.com/search?q=site%3Afacebook.com%20%22GDS%20Pedrense%22%20Portugal%20futebol
SB Outeiro,AF Évora,Liga AFE,Instagram e Facebook,,,https://www.google.com/search?q=site%3Ainstagram.com%20%22SB%20Outeiro%22%20Portugal%20futebol,https://www.google.com/search?q=site%3Afacebook.com%20%22SB%20Outeiro%22%20Portugal%20futebol
Santana do Campo,AF Évora,Liga AFE,Instagram e Facebook,,,https://www.google.com/search?q=site%3Ainstagram.com%20%22Santana%20do%20Campo%22%20Portugal%20futebol,https://www.google.com/search?q=site%3Afacebook.com%20%22Santana%20do%20Campo%22%20Portugal%20futebol
São Manços,AF Évora,Liga AFE,Instagram e Facebook,,,https://www.google.com/search?q=site%3Ainstagram.com%20%22S%C3%A3o%20Man%C3%A7os%22%20Portugal%20futebol,https://www.google.com/search?q=site%3Afacebook.com%20%22S%C3%A3o%20Man%C3%A7os%22%20Portugal%20futebol
GD Portel,"AF Évora, FPF","Campeonato de Portugal, Liga AFE",Instagram e Facebook,,,https://www.google.com/search?q=site%3Ainstagram.com%20%22GD%20Portel%22%20Portugal%20futebol,https://www.google.com/search?q=site%3Afacebook.com%20%22GD%20Portel%22%20Portugal%20futebol
Est. Calheta,FPF,Campeonato de Portugal,Instagram e Facebook,,,https://www.google.com/search?q=site%3Ainstagram.com%20%22Est.%20Calheta%22%20Portugal%20futebol,https://www.google.com/search?q=site%3Afacebook.com%20%22Est.%20Calheta%22%20Portugal%20futebol
Mortágua FC,FPF,Campeonato de Portugal,Instagram e Facebook,,,https://www.google.com/search?q=site%3Ainstagram.com%20%22Mort%C3%A1gua%20FC%22%20Portugal%20futebol,https://www.google.com/search?q=site%3Afacebook.com%20%22Mort%C3%A1gua%20FC%22%20Portugal%20futebol
São Roque (Açores),Interdistrital Açores,Campeonato de Futebol dos Açores,Instagram e Facebook,,,https://www.google.com/search?q=site%3Ainstagram.com%20%22S%C3%A3o%20Roque%20%28A%C3%A7ores%29%22%20Portugal%20futebol,https://www.google.com/search?q=site%3Afacebook.com%20%22S%C3%A3o%20Roque%20%28A%C3%A7ores%29%22%20Portugal%20futebol
Bensafrim,AF Algarve,2ª Divisão,Instagram,,https://www.facebook.com/profile.php?id=100063519462640,https://www.google.com/search?q=site%3Ainstagram.com%20%22Bensafrim%22%20Portugal%20futebol,https://www.google.com/search?q=site%3Afacebook.com%20%22Bensafrim%22%20Portugal%20futebol
Marítimo Olhanense,AF Algarve,2ª Divisão,Instagram,,https://www.facebook.com/maritimo.olhanense/,https://www.google.com/search?q=site%3Ainstagram.com%20%22Mar%C3%ADtimo%20Olhanense%22%20Portugal%20futebol,https://www.google.com/search?q=site%3Afacebook.com%20%22Mar%C3%ADtimo%20Olhanense%22%20Portugal%20futebol
Monchiquense,AF Algarve,2ª Divisão,Instagram,,https://www.facebook.com/juventudedesportiva.monchiquense/,https://www.google.com/search?q=site%3Ainstagram.com%20%22Monchiquense%22%20Portugal%20futebol,https://www.google.com/search?q=site%3Afacebook.com%20%22Monchiquense%22%20Portugal%20futebol
Sambrasense,AF Algarve,2ª Divisão,Instagram,,https://www.facebook.com/profile.php?id=100067148774423,https://www.google.com/search?q=site%3Ainstagram.com%20%22Sambrasense%22%20Portugal%20futebol,https://www.google.com/search?q=site%3Afacebook.com%20%22Sambrasense%22%20Portugal%20futebol
AD Requeixo,AF Aveiro,2ª Divisão,Instagram,,https://www.facebook.com/a.desportiva.requeixo/,https://www.google.com/search?q=site%3Ainstagram.com%20%22AD%20Requeixo%22%20Portugal%20futebol,https://www.google.com/search?q=site%3Afacebook.com%20%22AD%20Requeixo%22%20Portugal%20futebol
AD Santiais,AF Aveiro,2ª Divisão,Instagram,,https://www.facebook.com/AssociacaoDesportivaSantiais/,https://www.google.com/search?q=site%3Ainstagram.com%20%22AD%20Santiais%22%20Portugal%20futebol,https://www.google.com/search?q=site%3Afacebook.com%20%22AD%20Santiais%22%20Portugal%20futebol
AD Valonguense,AF Aveiro,Campeonato Sabseg,Instagram,,https://www.facebook.com/valonguense/,https://www.google.com/search?q=site%3Ainstagram.com%20%22AD%20Valonguense%22%20Portugal%20futebol,https://www.google.com/search?q=site%3Afacebook.com%20%22AD%20Valonguense%22%20Portugal%20futebol
Beira-Vouga,AF Aveiro,2ª Divisão,Instagram,,https://www.facebook.com/gdbeiravouga/,https://www.google.com/search?q=site%3Ainstagram.com%20%22Beira-Vouga%22%20Portugal%20futebol,https://www.google.com/search?q=site%3Afacebook.com%20%22Beira-Vouga%22%20Portugal%20futebol
Bustos,AF Aveiro,1ª Divisão,Instagram,,https://www.facebook.com/udbustos/,https://www.google.com/search?q=site%3Ainstagram.com%20%22Bustos%22%20Portugal%20futebol,https://www.google.com/search?q=site%3Afacebook.com%20%22Bustos%22%20Portugal%20futebol
CCR São Martinho,AF Aveiro,2ª Divisão,Instagram,,https://www.facebook.com/ccr.s.martinho/,https://www.google.com/search?q=site%3Ainstagram.com%20%22CCR%20S%C3%A3o%20Martinho%22%20Portugal%20futebol,https://www.google.com/search?q=site%3Afacebook.com%20%22CCR%20S%C3%A3o%20Martinho%22%20Portugal%20futebol
CCR Vila Viçosa,AF Aveiro,2ª Divisão,Instagram,,https://www.facebook.com/CCRVV/,https://www.google.com/search?q=site%3Ainstagram.com%20%22CCR%20Vila%20Vi%C3%A7osa%22%20Portugal%20futebol,https://www.google.com/search?q=site%3Afacebook.com%20%22CCR%20Vila%20Vi%C3%A7osa%22%20Portugal%20futebol
CD Estarreja,AF Aveiro,Campeonato Sabseg,Instagram,,https://www.facebook.com/clubedesportivoestarreja.cde/,https://www.google.com/search?q=site%3Ainstagram.com%20%22CD%20Estarreja%22%20Portugal%20futebol,https://www.google.com/search?q=site%3Afacebook.com%20%22CD%20Estarreja%22%20Portugal%20futebol
CR Antes,AF Aveiro,1ª Divisão,Instagram,,https://www.facebook.com/CentroRecreativoAntes/,https://www.google.com/search?q=site%3Ainstagram.com%20%22CR%20Antes%22%20Portugal%20futebol,https://www.google.com/search?q=site%3Afacebook.com%20%22CR%20Antes%22%20Portugal%20futebol
FIDEC,AF Aveiro,2ª Divisão,Instagram,,https://www.facebook.com/fidec14/,https://www.google.com/search?q=site%3Ainstagram.com%20%22FIDEC%22%20Portugal%20futebol,https://www.google.com/search?q=site%3Afacebook.com%20%22FIDEC%22%20Portugal%20futebol
Fermentelos,AF Aveiro,Campeonato Sabseg,Instagram,,https://www.facebook.com/scfermentelos/,https://www.google.com/search?q=site%3Ainstagram.com%20%22Fermentelos%22%20Portugal%20futebol,https://www.google.com/search?q=site%3Afacebook.com%20%22Fermentelos%22%20Portugal%20futebol
GD Ronda,AF Aveiro,1ª Divisão,Instagram,,https://www.facebook.com/grupodesportivoaronda/,https://www.google.com/search?q=site%3Ainstagram.com%20%22GD%20Ronda%22%20Portugal%20futebol,https://www.google.com/search?q=site%3Afacebook.com%20%22GD%20Ronda%22%20Portugal%20futebol
LAAC,AF Aveiro,1ª Divisão,Instagram,,https://www.facebook.com/laacfutebol/,https://www.google.com/search?q=site%3Ainstagram.com%20%22LAAC%22%20Portugal%20futebol,https://www.google.com/search?q=site%3Afacebook.com%20%22LAAC%22%20Portugal%20futebol
Mansores,AF Aveiro,1ª Divisão,Instagram,,https://www.facebook.com/mansoresud/,https://www.google.com/search?q=site%3Ainstagram.com%20%22Mansores%22%20Portugal%20futebol,https://www.google.com/search?q=site%3Afacebook.com%20%22Mansores%22%20Portugal%20futebol
Murtoense,AF Aveiro,2ª Divisão,Instagram,,https://www.facebook.com/smmurtoense/,https://www.google.com/search?q=site%3Ainstagram.com%20%22Murtoense%22%20Portugal%20futebol,https://www.google.com/search?q=site%3Afacebook.com%20%22Murtoense%22%20Portugal%20futebol
Paços de Brandão,AF Aveiro,Campeonato Sabseg,Instagram,,https://www.facebook.com/cdpacosbrandao/,https://www.google.com/search?q=site%3Ainstagram.com%20%22Pa%C3%A7os%20de%20Brand%C3%A3o%22%20Portugal%20futebol,https://www.google.com/search?q=site%3Afacebook.com%20%22Pa%C3%A7os%20de%20Brand%C3%A3o%22%20Portugal%20futebol
Sanguedo,AF Aveiro,1ª Divisão,Instagram,,https://www.facebook.com/ADCSanguedOficial/,https://www.google.com/search?q=site%3Ainstagram.com%20%22Sanguedo%22%20Portugal%20futebol,https://www.google.com/search?q=site%3Afacebook.com%20%22Sanguedo%22%20Portugal%20futebol
União da Mata,AF Aveiro,2ª Divisão,Instagram,,https://www.facebook.com/uniaodamatafutebolclube/,https://www.google.com/search?q=site%3Ainstagram.com%20%22Uni%C3%A3o%20da%20Mata%22%20Portugal%20futebol,https://www.google.com/search?q=site%3Afacebook.com%20%22Uni%C3%A3o%20da%20Mata%22%20Portugal%20futebol
Vaguense,AF Aveiro,2ª Divisão,Instagram,,https://www.facebook.com/FCVaguense/,https://www.google.com/search?q=site%3Ainstagram.com%20%22Vaguense%22%20Portugal%20futebol,https://www.google.com/search?q=site%3Afacebook.com%20%22Vaguense%22%20Portugal%20futebol
Vista Alegre,AF Aveiro,Campeonato Sabseg,Instagram,,https://www.facebook.com/profile.php?id=169795519765529,https://www.google.com/search?q=site%3Ainstagram.com%20%22Vista%20Alegre%22%20Portugal%20futebol,https://www.google.com/search?q=site%3Afacebook.com%20%22Vista%20Alegre%22%20Portugal%20futebol
Águas Boas,AF Aveiro,2ª Divisão,Instagram,,https://www.facebook.com/aguasboas.seniores/,https://www.google.com/search?q=site%3Ainstagram.com%20%22%C3%81guas%20Boas%22%20Portugal%20futebol,https://www.google.com/search?q=site%3Afacebook.com%20%22%C3%81guas%20Boas%22%20Portugal%20futebol
AJ Brinches,AF Beja,2ª Divisão,Instagram,,https://www.facebook.com/people/Associa%C3%A7%C3%A3o-de-Jovens-de-Brinches/100082755676444/,https://www.google.com/search?q=site%3Ainstagram.com%20%22AJ%20Brinches%22%20Portugal%20futebol,https://www.google.com/search?q=site%3Afacebook.com%20%22AJ%20Brinches%22%20Portugal%20futebol
Bairro da Conceição,AF Beja,1ª Divisão,Instagram,,https://www.facebook.com/CcdBairroNaSraDaConceicao/,https://www.google.com/search?q=site%3Ainstagram.com%20%22Bairro%20da%20Concei%C3%A7%C3%A3o%22%20Portugal%20futebol,https://www.google.com/search?q=site%3Afacebook.com%20%22Bairro%20da%20Concei%C3%A7%C3%A3o%22%20Portugal%20futebol
Cabeça Gorda,AF Beja,2ª Divisão,Instagram,,https://www.facebook.com/profile.php?id=61550202431296,https://www.google.com/search?q=site%3Ainstagram.com%20%22Cabe%C3%A7a%20Gorda%22%20Portugal%20futebol,https://www.google.com/search?q=site%3Afacebook.com%20%22Cabe%C3%A7a%20Gorda%22%20Portugal%20futebol
GD Santa Luzia,AF Beja,Divisão Honra,Instagram,,https://www.facebook.com/p/Grupo-Desportivo-de-Santa-Luzia-100057478419087/,https://www.google.com/search?q=site%3Ainstagram.com%20%22GD%20Santa%20Luzia%22%20Portugal%20futebol,https://www.google.com/search?q=site%3Afacebook.com%20%22GD%20Santa%20Luzia%22%20Portugal%20futebol
GDCR Naverredondense,AF Beja,2ª Divisão,Instagram,,https://www.facebook.com/profile.php?id=100063589620751,https://www.google.com/search?q=site%3Ainstagram.com%20%22GDCR%20Naverredondense%22%20Portugal%20futebol,https://www.google.com/search?q=site%3Afacebook.com%20%22GDCR%20Naverredondense%22%20Portugal%20futebol
GDR Amoreiras-Gare,AF Beja,2ª Divisão,Instagram,,https://www.facebook.com/gdramoreirasgare/,https://www.google.com/search?q=site%3Ainstagram.com%20%22GDR%20Amoreiras-Gare%22%20Portugal%20futebol,https://www.google.com/search?q=site%3Afacebook.com%20%22GDR%20Amoreiras-Gare%22%20Portugal%20futebol
Louredense FC,AF Beja,2ª Divisão,Instagram,,https://www.facebook.com/louredensefc/,https://www.google.com/search?q=site%3Ainstagram.com%20%22Louredense%20FC%22%20Portugal%20futebol,https://www.google.com/search?q=site%3Afacebook.com%20%22Louredense%20FC%22%20Portugal%20futebol
Moura,AF Beja,1ª Divisão,Instagram,,https://www.facebook.com/mouraatleticoclube/,https://www.google.com/search?q=site%3Ainstagram.com%20%22Moura%22%20Portugal%20futebol,https://www.google.com/search?q=site%3Afacebook.com%20%22Moura%22%20Portugal%20futebol
Negrilhos,AF Beja,1ª Divisão,Instagram,,https://www.facebook.com/fcnegrilhos/,https://www.google.com/search?q=site%3Ainstagram.com%20%22Negrilhos%22%20Portugal%20futebol,https://www.google.com/search?q=site%3Afacebook.com%20%22Negrilhos%22%20Portugal%20futebol
Odemirense,AF Beja,1ª Divisão,Instagram,,https://www.facebook.com/sportclubeodemirense/,https://www.google.com/search?q=site%3Ainstagram.com%20%22Odemirense%22%20Portugal%20futebol,https://www.google.com/search?q=site%3Afacebook.com%20%22Odemirense%22%20Portugal%20futebol
Ourique,AF Beja,2ª Divisão,Instagram,,https://www.facebook.com/ouriquedesportosclube/,https://www.google.com/search?q=site%3Ainstagram.com%20%22Ourique%22%20Portugal%20futebol,https://www.google.com/search?q=site%3Afacebook.com%20%22Ourique%22%20Portugal%20futebol
Renascente S.Teotónio,AF Beja,1ª Divisão,Instagram,,https://www.facebook.com/grupodesportivo.renascente/,https://www.google.com/search?q=site%3Ainstagram.com%20%22Renascente%20S.Teot%C3%B3nio%22%20Portugal%20futebol,https://www.google.com/search?q=site%3Afacebook.com%20%22Renascente%20S.Teot%C3%B3nio%22%20Portugal%20futebol
Sabóia AC,AF Beja,2ª Divisão,Instagram,,https://www.facebook.com/saboia.atletico.clube.1951/,https://www.google.com/search?q=site%3Ainstagram.com%20%22Sab%C3%B3ia%20AC%22%20Portugal%20futebol,https://www.google.com/search?q=site%3Afacebook.com%20%22Sab%C3%B3ia%20AC%22%20Portugal%20futebol
Salvadense,AF Beja,2ª Divisão,Instagram,,https://www.facebook.com/Salvadense/,https://www.google.com/search?q=site%3Ainstagram.com%20%22Salvadense%22%20Portugal%20futebol,https://www.google.com/search?q=site%3Afacebook.com%20%22Salvadense%22%20Portugal%20futebol
Sp Cuba,AF Beja,Divisão Honra,Instagram,,https://www.facebook.com/S.C.Cuba/,https://www.google.com/search?q=site%3Ainstagram.com%20%22Sp%20Cuba%22%20Portugal%20futebol,https://www.google.com/search?q=site%3Afacebook.com%20%22Sp%20Cuba%22%20Portugal%20futebol
Sta Clara-a-Nova,AF Beja,2ª Divisão,Instagram,,https://www.facebook.com/p/ACD-Santa-Clara-a-Nova-100057572173867/,https://www.google.com/search?q=site%3Ainstagram.com%20%22Sta%20Clara-a-Nova%22%20Portugal%20futebol,https://www.google.com/search?q=site%3Afacebook.com%20%22Sta%20Clara-a-Nova%22%20Portugal%20futebol
São Marcos,AF Beja,2ª Divisão,Instagram,,https://www.facebook.com/profile.php?id=100057401831575,https://www.google.com/search?q=site%3Ainstagram.com%20%22S%C3%A3o%20Marcos%22%20Portugal%20futebol,https://www.google.com/search?q=site%3Afacebook.com%20%22S%C3%A3o%20Marcos%22%20Portugal%20futebol
UDC Beringelense,AF Beja,2ª Divisão,Instagram,,https://www.facebook.com/UDCB1979/,https://www.google.com/search?q=site%3Ainstagram.com%20%22UDC%20Beringelense%22%20Portugal%20futebol,https://www.google.com/search?q=site%3Afacebook.com%20%22UDC%20Beringelense%22%20Portugal%20futebol
Alegrienses,AF Braga,1ª Divisão,Instagram,,https://www.facebook.com/grupodesportivoosalegrienses/,https://www.google.com/search?q=site%3Ainstagram.com%20%22Alegrienses%22%20Portugal%20futebol,https://www.google.com/search?q=site%3Afacebook.com%20%22Alegrienses%22%20Portugal%20futebol
Arsenal Crespos,AF Braga,1ª Divisão,Instagram,,https://www.facebook.com/ArsenaldeCrespos/,https://www.google.com/search?q=site%3Ainstagram.com%20%22Arsenal%20Crespos%22%20Portugal%20futebol,https://www.google.com/search?q=site%3Afacebook.com%20%22Arsenal%20Crespos%22%20Portugal%20futebol
Ases Sta. Eufémia,AF Braga,Divisão Honra,Instagram,,https://www.facebook.com/ASES.STA.EUFEMIA/,https://www.google.com/search?q=site%3Ainstagram.com%20%22Ases%20Sta.%20Euf%C3%A9mia%22%20Portugal%20futebol,https://www.google.com/search?q=site%3Afacebook.com%20%22Ases%20Sta.%20Euf%C3%A9mia%22%20Portugal%20futebol
Ass. Merelim S. Paio,AF Braga,1ª Divisão,Instagram,,https://www.facebook.com/AMSAOPAIO/,https://www.google.com/search?q=site%3Ainstagram.com%20%22Ass.%20Merelim%20S.%20Paio%22%20Portugal%20futebol,https://www.google.com/search?q=site%3Afacebook.com%20%22Ass.%20Merelim%20S.%20Paio%22%20Portugal%20futebol
Associação Ribeirão,AF Braga,1ª Divisão,Instagram,,https://www.facebook.com/ribeirao1968fc/,https://www.google.com/search?q=site%3Ainstagram.com%20%22Associa%C3%A7%C3%A3o%20Ribeir%C3%A3o%22%20Portugal%20futebol,https://www.google.com/search?q=site%3Afacebook.com%20%22Associa%C3%A7%C3%A3o%20Ribeir%C3%A3o%22%20Portugal%20futebol
Berço SC,AF Braga,Pro-Nacional,Instagram,,https://www.facebook.com/bercosportclube/,https://www.google.com/search?q=site%3Ainstagram.com%20%22Ber%C3%A7o%20SC%22%20Portugal%20futebol,https://www.google.com/search?q=site%3Afacebook.com%20%22Ber%C3%A7o%20SC%22%20Portugal%20futebol
CD Ponte,AF Braga,"1ª Divisão, Pro-Nacional",Instagram,,https://www.facebook.com/clubedesportivodeponte/,https://www.google.com/search?q=site%3Ainstagram.com%20%22CD%20Ponte%22%20Portugal%20futebol,https://www.google.com/search?q=site%3Afacebook.com%20%22CD%20Ponte%22%20Portugal%20futebol
CRP Delães,AF Braga,1ª Divisão,Instagram,,https://www.facebook.com/CRPDelaes/,https://www.google.com/search?q=site%3Ainstagram.com%20%22CRP%20Del%C3%A3es%22%20Portugal%20futebol,https://www.google.com/search?q=site%3Afacebook.com%20%22CRP%20Del%C3%A3es%22%20Portugal%20futebol
Desp. S. Cosme,AF Braga,Divisão Honra,Instagram,,https://www.facebook.com/despostivodesaocosme/,https://www.google.com/search?q=site%3Ainstagram.com%20%22Desp.%20S.%20Cosme%22%20Portugal%20futebol,https://www.google.com/search?q=site%3Afacebook.com%20%22Desp.%20S.%20Cosme%22%20Portugal%20futebol
Dumiense FC,AF Braga,"1ª Divisão, Pro-Nacional",Instagram,,https://www.facebook.com/DUMIENSECJPII,https://www.google.com/search?q=site%3Ainstagram.com%20%22Dumiense%20FC%22%20Portugal%20futebol,https://www.google.com/search?q=site%3Afacebook.com%20%22Dumiense%20FC%22%20Portugal%20futebol
Emilianos FC,AF Braga,Divisão Honra,Instagram,,https://www.facebook.com/profile.php?id=100054557795213,https://www.google.com/search?q=site%3Ainstagram.com%20%22Emilianos%20FC%22%20Portugal%20futebol,https://www.google.com/search?q=site%3Afacebook.com%20%22Emilianos%20FC%22%20Portugal%20futebol
Estrelas do Faro,AF Braga,1ª Divisão,Instagram,,https://www.facebook.com/drestrelasdofarooficial/,https://www.google.com/search?q=site%3Ainstagram.com%20%22Estrelas%20do%20Faro%22%20Portugal%20futebol,https://www.google.com/search?q=site%3Afacebook.com%20%22Estrelas%20do%20Faro%22%20Portugal%20futebol
FC Tadim,AF Braga,1ª Divisão,Instagram,,https://www.facebook.com/fctadim1954/,https://www.google.com/search?q=site%3Ainstagram.com%20%22FC%20Tadim%22%20Portugal%20futebol,https://www.google.com/search?q=site%3Afacebook.com%20%22FC%20Tadim%22%20Portugal%20futebol
Fermilense,AF Braga,1ª Divisão,Instagram,,https://www.facebook.com/fermilense/,https://www.google.com/search?q=site%3Ainstagram.com%20%22Fermilense%22%20Portugal%20futebol,https://www.google.com/search?q=site%3Afacebook.com%20%22Fermilense%22%20Portugal%20futebol
GCDR Lanhas,AF Braga,Divisão Honra,Instagram,,https://www.facebook.com/gcdrlanhas/,https://www.google.com/search?q=site%3Ainstagram.com%20%22GCDR%20Lanhas%22%20Portugal%20futebol,https://www.google.com/search?q=site%3Afacebook.com%20%22GCDR%20Lanhas%22%20Portugal%20futebol
GD Adaúfe,AF Braga,1ª Divisão,Instagram,,https://www.facebook.com/gdaufe/,https://www.google.com/search?q=site%3Ainstagram.com%20%22GD%20Ada%C3%BAfe%22%20Portugal%20futebol,https://www.google.com/search?q=site%3Afacebook.com%20%22GD%20Ada%C3%BAfe%22%20Portugal%20futebol
GD Cavez,AF Braga,1ª Divisão,Instagram,,https://www.facebook.com/GrupoDesportivoDeCavez/,https://www.google.com/search?q=site%3Ainstagram.com%20%22GD%20Cavez%22%20Portugal%20futebol,https://www.google.com/search?q=site%3Afacebook.com%20%22GD%20Cavez%22%20Portugal%20futebol
GD Figueiredo,AF Braga,Divisão Honra,Instagram,,https://www.facebook.com/figas1987/,https://www.google.com/search?q=site%3Ainstagram.com%20%22GD%20Figueiredo%22%20Portugal%20futebol,https://www.google.com/search?q=site%3Afacebook.com%20%22GD%20Figueiredo%22%20Portugal%20futebol
GD Louro,AF Braga,1ª Divisão,Instagram,,https://www.facebook.com/GDLouro/,https://www.google.com/search?q=site%3Ainstagram.com%20%22GD%20Louro%22%20Portugal%20futebol,https://www.google.com/search?q=site%3Afacebook.com%20%22GD%20Louro%22%20Portugal%20futebol
GD Pedralva,AF Braga,1ª Divisão,Instagram,,https://www.facebook.com/profile.php?id=100057711840670,https://www.google.com/search?q=site%3Ainstagram.com%20%22GD%20Pedralva%22%20Portugal%20futebol,https://www.google.com/search?q=site%3Afacebook.com%20%22GD%20Pedralva%22%20Portugal%20futebol
GD Santo Estêvão,AF Braga,Divisão Honra,Instagram,,https://www.facebook.com/gdsantoestevao/,https://www.google.com/search?q=site%3Ainstagram.com%20%22GD%20Santo%20Est%C3%AAv%C3%A3o%22%20Portugal%20futebol,https://www.google.com/search?q=site%3Afacebook.com%20%22GD%20Santo%20Est%C3%AAv%C3%A3o%22%20Portugal%20futebol
GD Sete Fontes,AF Braga,1ª Divisão,Instagram,,https://www.facebook.com/GDSeteFontes/,https://www.google.com/search?q=site%3Ainstagram.com%20%22GD%20Sete%20Fontes%22%20Portugal%20futebol,https://www.google.com/search?q=site%3Afacebook.com%20%22GD%20Sete%20Fontes%22%20Portugal%20futebol
GDC Serafão,AF Braga,1ª Divisão,Instagram,,https://www.facebook.com/gdcserafao/,https://www.google.com/search?q=site%3Ainstagram.com%20%22GDC%20Seraf%C3%A3o%22%20Portugal%20futebol,https://www.google.com/search?q=site%3Afacebook.com%20%22GDC%20Seraf%C3%A3o%22%20Portugal%20futebol
GFC Pousa,AF Braga,1ª Divisão,Instagram,,https://www.facebook.com/GrupoDeFutebolClubeDaPousa/,https://www.google.com/search?q=site%3Ainstagram.com%20%22GFC%20Pousa%22%20Portugal%20futebol,https://www.google.com/search?q=site%3Afacebook.com%20%22GFC%20Pousa%22%20Portugal%20futebol
GRC Rossas,AF Braga,1ª Divisão,Instagram,,https://www.facebook.com/GRCRossas/,https://www.google.com/search?q=site%3Ainstagram.com%20%22GRC%20Rossas%22%20Portugal%20futebol,https://www.google.com/search?q=site%3Afacebook.com%20%22GRC%20Rossas%22%20Portugal%20futebol
Gémeos,AF Braga,1ª Divisão,Instagram,,https://www.facebook.com/grupodesportivo.gemeos/,https://www.google.com/search?q=site%3Ainstagram.com%20%22G%C3%A9meos%22%20Portugal%20futebol,https://www.google.com/search?q=site%3Afacebook.com%20%22G%C3%A9meos%22%20Portugal%20futebol
Marinhas,AF Braga,Pro-Nacional,Instagram,,https://www.facebook.com/futebolclubedemarinhas/,https://www.google.com/search?q=site%3Ainstagram.com%20%22Marinhas%22%20Portugal%20futebol,https://www.google.com/search?q=site%3Afacebook.com%20%22Marinhas%22%20Portugal%20futebol
Merelinense,AF Braga,Pro-Nacional,Instagram,,https://www.facebook.com/merelinenseFC/,https://www.google.com/search?q=site%3Ainstagram.com%20%22Merelinense%22%20Portugal%20futebol,https://www.google.com/search?q=site%3Afacebook.com%20%22Merelinense%22%20Portugal%20futebol
Operário Campelos,AF Braga,Divisão Honra,Instagram,,https://www.facebook.com/clubeoperario.campelos/,https://www.google.com/search?q=site%3Ainstagram.com%20%22Oper%C3%A1rio%20Campelos%22%20Portugal%20futebol,https://www.google.com/search?q=site%3Afacebook.com%20%22Oper%C3%A1rio%20Campelos%22%20Portugal%20futebol
Panteras de Matamá,AF Braga,1ª Divisão,Instagram,,https://www.facebook.com/profile.php?id=100055885897058,https://www.google.com/search?q=site%3Ainstagram.com%20%22Panteras%20de%20Matam%C3%A1%22%20Portugal%20futebol,https://www.google.com/search?q=site%3Afacebook.com%20%22Panteras%20de%20Matam%C3%A1%22%20Portugal%20futebol
Pevidém SC,AF Braga,Pro-Nacional,Instagram,,https://www.facebook.com/pevidemsc/,https://www.google.com/search?q=site%3Ainstagram.com%20%22Pevid%C3%A9m%20SC%22%20Portugal%20futebol,https://www.google.com/search?q=site%3Afacebook.com%20%22Pevid%C3%A9m%20SC%22%20Portugal%20futebol
Pico de Regalados,AF Braga,1ª Divisão,Instagram,,https://www.facebook.com/acrdsspicoregalados/,https://www.google.com/search?q=site%3Ainstagram.com%20%22Pico%20de%20Regalados%22%20Portugal%20futebol,https://www.google.com/search?q=site%3Afacebook.com%20%22Pico%20de%20Regalados%22%20Portugal%20futebol
SC Cabreiros,AF Braga,Divisão Honra,Instagram,,https://www.facebook.com/SportingClubeCabreiros/,https://www.google.com/search?q=site%3Ainstagram.com%20%22SC%20Cabreiros%22%20Portugal%20futebol,https://www.google.com/search?q=site%3Afacebook.com%20%22SC%20Cabreiros%22%20Portugal%20futebol
SR Cepanense,AF Braga,1ª Divisão,Instagram,,https://www.facebook.com/SrcFutebolSenior/,https://www.google.com/search?q=site%3Ainstagram.com%20%22SR%20Cepanense%22%20Portugal%20futebol,https://www.google.com/search?q=site%3Afacebook.com%20%22SR%20Cepanense%22%20Portugal%20futebol
Sequeirense,AF Braga,1ª Divisão,Instagram,,https://www.facebook.com/sequeirensefutebolclube/,https://www.google.com/search?q=site%3Ainstagram.com%20%22Sequeirense%22%20Portugal%20futebol,https://www.google.com/search?q=site%3Afacebook.com%20%22Sequeirense%22%20Portugal%20futebol
Sobreposta,AF Braga,1ª Divisão,Instagram,,https://www.facebook.com/fcsobreposta/,https://www.google.com/search?q=site%3Ainstagram.com%20%22Sobreposta%22%20Portugal%20futebol,https://www.google.com/search?q=site%3Afacebook.com%20%22Sobreposta%22%20Portugal%20futebol
U. Torcatense,AF Braga,"1ª Divisão, Pro-Nacional",Instagram,,https://www.facebook.com/profile.php?id=100064934610958,https://www.google.com/search?q=site%3Ainstagram.com%20%22U.%20Torcatense%22%20Portugal%20futebol,https://www.google.com/search?q=site%3Afacebook.com%20%22U.%20Torcatense%22%20Portugal%20futebol
UD Airão,AF Braga,1ª Divisão,Instagram,,https://www.facebook.com/Uniao-Desportiva-Air%C3%A3o-187214571352941,https://www.google.com/search?q=site%3Ainstagram.com%20%22UD%20Air%C3%A3o%22%20Portugal%20futebol,https://www.google.com/search?q=site%3Afacebook.com%20%22UD%20Air%C3%A3o%22%20Portugal%20futebol
UD Vila Chã,AF Braga,Divisão Honra,Instagram,,https://www.facebook.com/udv1980/,https://www.google.com/search?q=site%3Ainstagram.com%20%22UD%20Vila%20Ch%C3%A3%22%20Portugal%20futebol,https://www.google.com/search?q=site%3Afacebook.com%20%22UD%20Vila%20Ch%C3%A3%22%20Portugal%20futebol
UDC Santo Adrião,AF Braga,Divisão Honra,Instagram,,https://www.facebook.com/udcsantoadriao/,https://www.google.com/search?q=site%3Ainstagram.com%20%22UDC%20Santo%20Adri%C3%A3o%22%20Portugal%20futebol,https://www.google.com/search?q=site%3Afacebook.com%20%22UDC%20Santo%20Adri%C3%A3o%22%20Portugal%20futebol
Vieira,AF Braga,Divisão Honra,Instagram,,https://www.facebook.com/Vieira.Sport.Clube.1965/,https://www.google.com/search?q=site%3Ainstagram.com%20%22Vieira%22%20Portugal%20futebol,https://www.google.com/search?q=site%3Afacebook.com%20%22Vieira%22%20Portugal%20futebol
«Os Ceramistas»,AF Braga,1ª Divisão,Instagram,,https://www.facebook.com/cfosceramistas/,https://www.google.com/search?q=site%3Ainstagram.com%20%22%C2%ABOs%20Ceramistas%C2%BB%22%20Portugal%20futebol,https://www.google.com/search?q=site%3Afacebook.com%20%22%C2%ABOs%20Ceramistas%C2%BB%22%20Portugal%20futebol
Minas Argozelo,AF Bragança,Divisão de Honra,Instagram,,https://www.facebook.com/profile.php?id=100066319615178,https://www.google.com/search?q=site%3Ainstagram.com%20%22Minas%20Argozelo%22%20Portugal%20futebol,https://www.google.com/search?q=site%3Afacebook.com%20%22Minas%20Argozelo%22%20Portugal%20futebol
ARC Oleiros,AF Castelo Branco,Liga de Honra,Instagram,,https://www.facebook.com/profile.php?id=100064522789200,https://www.google.com/search?q=site%3Ainstagram.com%20%22ARC%20Oleiros%22%20Portugal%20futebol,https://www.google.com/search?q=site%3Afacebook.com%20%22ARC%20Oleiros%22%20Portugal%20futebol
Idanhense,AF Castelo Branco,Liga de Honra,Instagram,,https://www.facebook.com/CUIdanhense/,https://www.google.com/search?q=site%3Ainstagram.com%20%22Idanhense%22%20Portugal%20futebol,https://www.google.com/search?q=site%3Afacebook.com%20%22Idanhense%22%20Portugal%20futebol
Pedrógão,AF Castelo Branco,Liga de Honra,Instagram,,https://www.facebook.com/pedrogaosaopedro1979/,https://www.google.com/search?q=site%3Ainstagram.com%20%22Pedr%C3%B3g%C3%A3o%22%20Portugal%20futebol,https://www.google.com/search?q=site%3Afacebook.com%20%22Pedr%C3%B3g%C3%A3o%22%20Portugal%20futebol
UD Belmonte,AF Castelo Branco,Liga de Honra,Instagram,,https://www.facebook.com/UDBELMONTE/,https://www.google.com/search?q=site%3Ainstagram.com%20%22UD%20Belmonte%22%20Portugal%20futebol,https://www.google.com/search?q=site%3Afacebook.com%20%22UD%20Belmonte%22%20Portugal%20futebol
Águias do Moradal,AF Castelo Branco,Liga de Honra,Instagram,,https://www.facebook.com/aguiasdomoradal/,https://www.google.com/search?q=site%3Ainstagram.com%20%22%C3%81guias%20do%20Moradal%22%20Portugal%20futebol,https://www.google.com/search?q=site%3Afacebook.com%20%22%C3%81guias%20do%20Moradal%22%20Portugal%20futebol
AD Poiares,AF Coimbra,Divisão Elite,Instagram,,https://www.facebook.com/ADPoiares1940/,https://www.google.com/search?q=site%3Ainstagram.com%20%22AD%20Poiares%22%20Portugal%20futebol,https://www.google.com/search?q=site%3Afacebook.com%20%22AD%20Poiares%22%20Portugal%20futebol
ADC Adémia,AF Coimbra,1ª Divisão,Instagram,,https://www.facebook.com/futebolademia/,https://www.google.com/search?q=site%3Ainstagram.com%20%22ADC%20Ad%C3%A9mia%22%20Portugal%20futebol,https://www.google.com/search?q=site%3Afacebook.com%20%22ADC%20Ad%C3%A9mia%22%20Portugal%20futebol
ADC Almalaguês,AF Coimbra,Divisão Honra,Instagram,,https://www.facebook.com/adcalmalagues/,https://www.google.com/search?q=site%3Ainstagram.com%20%22ADC%20Almalagu%C3%AAs%22%20Portugal%20futebol,https://www.google.com/search?q=site%3Afacebook.com%20%22ADC%20Almalagu%C3%AAs%22%20Portugal%20futebol
ADCR Pereira,AF Coimbra,1ª Divisão,Instagram,,https://www.facebook.com/associacaodesportivaculturalerecreativapereira/,https://www.google.com/search?q=site%3Ainstagram.com%20%22ADCR%20Pereira%22%20Portugal%20futebol,https://www.google.com/search?q=site%3Afacebook.com%20%22ADCR%20Pereira%22%20Portugal%20futebol
Brasfemes,AF Coimbra,Divisão Honra,Instagram,,https://www.facebook.com/realclubedebrasfemes/,https://www.google.com/search?q=site%3Ainstagram.com%20%22Brasfemes%22%20Portugal%20futebol,https://www.google.com/search?q=site%3Afacebook.com%20%22Brasfemes%22%20Portugal%20futebol
Condeixa,AF Coimbra,Divisão Honra,Instagram,,https://www.facebook.com/clubecondeixa/,https://www.google.com/search?q=site%3Ainstagram.com%20%22Condeixa%22%20Portugal%20futebol,https://www.google.com/search?q=site%3Afacebook.com%20%22Condeixa%22%20Portugal%20futebol
GD Cova-Gala,AF Coimbra,Divisão Elite,Instagram,,https://www.facebook.com/CovaGala/,https://www.google.com/search?q=site%3Ainstagram.com%20%22GD%20Cova-Gala%22%20Portugal%20futebol,https://www.google.com/search?q=site%3Afacebook.com%20%22GD%20Cova-Gala%22%20Portugal%20futebol
Maiorca,AF Coimbra,1ª Divisão,Instagram,,https://www.facebook.com/grupodesportivomaiorca/,https://www.google.com/search?q=site%3Ainstagram.com%20%22Maiorca%22%20Portugal%20futebol,https://www.google.com/search?q=site%3Afacebook.com%20%22Maiorca%22%20Portugal%20futebol
Pedrulhense,AF Coimbra,Divisão Elite,Instagram,,https://www.facebook.com/pedrulhense/,https://www.google.com/search?q=site%3Ainstagram.com%20%22Pedrulhense%22%20Portugal%20futebol,https://www.google.com/search?q=site%3Afacebook.com%20%22Pedrulhense%22%20Portugal%20futebol
Praia da Leirosa,AF Coimbra,1ª Divisão,Instagram,,https://www.facebook.com/crpleirosa/,https://www.google.com/search?q=site%3Ainstagram.com%20%22Praia%20da%20Leirosa%22%20Portugal%20futebol,https://www.google.com/search?q=site%3Afacebook.com%20%22Praia%20da%20Leirosa%22%20Portugal%20futebol
Sourense,AF Coimbra,Divisão Elite,Instagram,,https://www.facebook.com/gdsourense/,https://www.google.com/search?q=site%3Ainstagram.com%20%22Sourense%22%20Portugal%20futebol,https://www.google.com/search?q=site%3Afacebook.com%20%22Sourense%22%20Portugal%20futebol
São Pedro de Alva,AF Coimbra,1ª Divisão,Instagram,,https://www.facebook.com/adcspa.spalva/,https://www.google.com/search?q=site%3Ainstagram.com%20%22S%C3%A3o%20Pedro%20de%20Alva%22%20Portugal%20futebol,https://www.google.com/search?q=site%3Afacebook.com%20%22S%C3%A3o%20Pedro%20de%20Alva%22%20Portugal%20futebol
UD V.N. Anços,AF Coimbra,Divisão Elite,Instagram,,https://www.facebook.com/UDVNA/,https://www.google.com/search?q=site%3Ainstagram.com%20%22UD%20V.N.%20An%C3%A7os%22%20Portugal%20futebol,https://www.google.com/search?q=site%3Afacebook.com%20%22UD%20V.N.%20An%C3%A7os%22%20Portugal%20futebol
UDR Cernache,AF Coimbra,1ª Divisão,Instagram,,https://www.facebook.com/udrcernache/,https://www.google.com/search?q=site%3Ainstagram.com%20%22UDR%20Cernache%22%20Portugal%20futebol,https://www.google.com/search?q=site%3Afacebook.com%20%22UDR%20Cernache%22%20Portugal%20futebol
União 1919,AF Coimbra,Divisão Elite,Instagram,,https://www.facebook.com/ClubeUniaoCoimbra/,https://www.google.com/search?q=site%3Ainstagram.com%20%22Uni%C3%A3o%201919%22%20Portugal%20futebol,https://www.google.com/search?q=site%3Afacebook.com%20%22Uni%C3%A3o%201919%22%20Portugal%20futebol
Aguiar da Beira,AF Guarda,1ª Divisão,Instagram,,https://www.facebook.com/profile.php?id=100057478148266,https://www.google.com/search?q=site%3Ainstagram.com%20%22Aguiar%20da%20Beira%22%20Portugal%20futebol,https://www.google.com/search?q=site%3Afacebook.com%20%22Aguiar%20da%20Beira%22%20Portugal%20futebol
CCR Vila Verde,AF Guarda,2ª Divisão,Instagram,,https://www.facebook.com/profile.php?id=100064421992589,https://www.google.com/search?q=site%3Ainstagram.com%20%22CCR%20Vila%20Verde%22%20Portugal%20futebol,https://www.google.com/search?q=site%3Afacebook.com%20%22CCR%20Vila%20Verde%22%20Portugal%20futebol
Casal Cinza,AF Guarda,2ª Divisão,Instagram,,https://www.facebook.com/profile.php?id=100054618361937,https://www.google.com/search?q=site%3Ainstagram.com%20%22Casal%20Cinza%22%20Portugal%20futebol,https://www.google.com/search?q=site%3Afacebook.com%20%22Casal%20Cinza%22%20Portugal%20futebol
Mileu Guarda,AF Guarda,2ª Divisão,Instagram,,https://www.facebook.com/profile.php?id=100064031621745,https://www.google.com/search?q=site%3Ainstagram.com%20%22Mileu%20Guarda%22%20Portugal%20futebol,https://www.google.com/search?q=site%3Afacebook.com%20%22Mileu%20Guarda%22%20Portugal%20futebol
Os Vilanovenses,AF Guarda,1ª Divisão,Instagram,,https://www.facebook.com/profile.php?id=100057146841935,https://www.google.com/search?q=site%3Ainstagram.com%20%22Os%20Vilanovenses%22%20Portugal%20futebol,https://www.google.com/search?q=site%3Afacebook.com%20%22Os%20Vilanovenses%22%20Portugal%20futebol
Paços da Serra,AF Guarda,2ª Divisão,Instagram,,https://www.facebook.com/scpacosdaserra/,https://www.google.com/search?q=site%3Ainstagram.com%20%22Pa%C3%A7os%20da%20Serra%22%20Portugal%20futebol,https://www.google.com/search?q=site%3Afacebook.com%20%22Pa%C3%A7os%20da%20Serra%22%20Portugal%20futebol
Pinhelenses,AF Guarda,1ª Divisão,Instagram,,https://www.facebook.com/Uniaodesportivaospinhelenses/,https://www.google.com/search?q=site%3Ainstagram.com%20%22Pinhelenses%22%20Portugal%20futebol,https://www.google.com/search?q=site%3Afacebook.com%20%22Pinhelenses%22%20Portugal%20futebol
SC Sabugal,AF Guarda,1ª Divisão,Instagram,,https://www.facebook.com/scsabugal/,https://www.google.com/search?q=site%3Ainstagram.com%20%22SC%20Sabugal%22%20Portugal%20futebol,https://www.google.com/search?q=site%3Afacebook.com%20%22SC%20Sabugal%22%20Portugal%20futebol
Seia FC,AF Guarda,2ª Divisão,Instagram,,https://www.facebook.com/seiafutebolclube/,https://www.google.com/search?q=site%3Ainstagram.com%20%22Seia%20FC%22%20Portugal%20futebol,https://www.google.com/search?q=site%3Afacebook.com%20%22Seia%20FC%22%20Portugal%20futebol
Sp. Mêda,AF Guarda,1ª Divisão,Instagram,,https://www.facebook.com/profile.php?id=100057667501284,https://www.google.com/search?q=site%3Ainstagram.com%20%22Sp.%20M%C3%AAda%22%20Portugal%20futebol,https://www.google.com/search?q=site%3Afacebook.com%20%22Sp.%20M%C3%AAda%22%20Portugal%20futebol
UFC Arcozelo,AF Guarda,2ª Divisão,Instagram,,https://www.facebook.com/uniao.futebol.clube.de.arcozelo/,https://www.google.com/search?q=site%3Ainstagram.com%20%22UFC%20Arcozelo%22%20Portugal%20futebol,https://www.google.com/search?q=site%3Afacebook.com%20%22UFC%20Arcozelo%22%20Portugal%20futebol
Vila Cortez,AF Guarda,1ª Divisão,Instagram,,https://www.facebook.com/ccdrvilacortes/,https://www.google.com/search?q=site%3Ainstagram.com%20%22Vila%20Cortez%22%20Portugal%20futebol,https://www.google.com/search?q=site%3Afacebook.com%20%22Vila%20Cortez%22%20Portugal%20futebol
Vilar Formoso,AF Guarda,1ª Divisão,Instagram,,https://www.facebook.com/profile.php?id=100057405731431,https://www.google.com/search?q=site%3Ainstagram.com%20%22Vilar%20Formoso%22%20Portugal%20futebol,https://www.google.com/search?q=site%3Afacebook.com%20%22Vilar%20Formoso%22%20Portugal%20futebol
Flamengos,AF Horta,Campeonato Pico/Faial,Instagram,,https://www.facebook.com/fcflamengos/,https://www.google.com/search?q=site%3Ainstagram.com%20%22Flamengos%22%20Portugal%20futebol,https://www.google.com/search?q=site%3Afacebook.com%20%22Flamengos%22%20Portugal%20futebol
Vitória do Pico,AF Horta,Campeonato Pico/Faial,Instagram,,https://www.facebook.com/vitoriafutebolclubepico/,https://www.google.com/search?q=site%3Ainstagram.com%20%22Vit%C3%B3ria%20do%20Pico%22%20Portugal%20futebol,https://www.google.com/search?q=site%3Afacebook.com%20%22Vit%C3%B3ria%20do%20Pico%22%20Portugal%20futebol
Atouguiense,AF Leiria,1ª Divisão,Instagram,,https://www.facebook.com/gdatouguiense/,https://www.google.com/search?q=site%3Ainstagram.com%20%22Atouguiense%22%20Portugal%20futebol,https://www.google.com/search?q=site%3Afacebook.com%20%22Atouguiense%22%20Portugal%20futebol
Avelarense,AF Leiria,1ª Divisão,Instagram,,https://www.facebook.com/profile.php?id=100057099084468,https://www.google.com/search?q=site%3Ainstagram.com%20%22Avelarense%22%20Portugal%20futebol,https://www.google.com/search?q=site%3Afacebook.com%20%22Avelarense%22%20Portugal%20futebol
Caranguejeira,AF Leiria,1ª Divisão,Instagram,,https://www.facebook.com/cdcaranguejeiraoficial/,https://www.google.com/search?q=site%3Ainstagram.com%20%22Caranguejeira%22%20Portugal%20futebol,https://www.google.com/search?q=site%3Afacebook.com%20%22Caranguejeira%22%20Portugal%20futebol
GD Ilha,AF Leiria,Divisão Honra,Instagram,,https://www.facebook.com/profile.php?id=155858284448873,https://www.google.com/search?q=site%3Ainstagram.com%20%22GD%20Ilha%22%20Portugal%20futebol,https://www.google.com/search?q=site%3Afacebook.com%20%22GD%20Ilha%22%20Portugal%20futebol
GD Pelariga,AF Leiria,1ª Divisão,Instagram,,https://www.facebook.com/profile.php?id=100063478149842,https://www.google.com/search?q=site%3Ainstagram.com%20%22GD%20Pelariga%22%20Portugal%20futebol,https://www.google.com/search?q=site%3Afacebook.com%20%22GD%20Pelariga%22%20Portugal%20futebol
Ginásio de Alcobaça,AF Leiria,Divisão Honra,Instagram,,https://www.facebook.com/ginasio.alcobaca/,https://www.google.com/search?q=site%3Ainstagram.com%20%22Gin%C3%A1sio%20de%20Alcoba%C3%A7a%22%20Portugal%20futebol,https://www.google.com/search?q=site%3Afacebook.com%20%22Gin%C3%A1sio%20de%20Alcoba%C3%A7a%22%20Portugal%20futebol
Leiria e Marrazes,AF Leiria,Divisão Honra,Instagram,,https://www.facebook.com/sclmarrazes/,https://www.google.com/search?q=site%3Ainstagram.com%20%22Leiria%20e%20Marrazes%22%20Portugal%20futebol,https://www.google.com/search?q=site%3Afacebook.com%20%22Leiria%20e%20Marrazes%22%20Portugal%20futebol
Marinhense,AF Leiria,Divisão Honra,Instagram,,https://www.facebook.com/acmarinhense/,https://www.google.com/search?q=site%3Ainstagram.com%20%22Marinhense%22%20Portugal%20futebol,https://www.google.com/search?q=site%3Afacebook.com%20%22Marinhense%22%20Portugal%20futebol
Mata Mourisquense,AF Leiria,1ª Divisão,Instagram,,https://www.facebook.com/UDRCMM/,https://www.google.com/search?q=site%3Ainstagram.com%20%22Mata%20Mourisquense%22%20Portugal%20futebol,https://www.google.com/search?q=site%3Afacebook.com%20%22Mata%20Mourisquense%22%20Portugal%20futebol
Moita do Boi,AF Leiria,1ª Divisão,Instagram,,https://www.facebook.com/profile.php?id=100081331253918,https://www.google.com/search?q=site%3Ainstagram.com%20%22Moita%20do%20Boi%22%20Portugal%20futebol,https://www.google.com/search?q=site%3Afacebook.com%20%22Moita%20do%20Boi%22%20Portugal%20futebol
Portomosense,AF Leiria,Divisão Honra,Instagram,,https://www.facebook.com/associacaodesportivaportomosense.adp/,https://www.google.com/search?q=site%3Ainstagram.com%20%22Portomosense%22%20Portugal%20futebol,https://www.google.com/search?q=site%3Afacebook.com%20%22Portomosense%22%20Portugal%20futebol
SL Marinha,AF Leiria,Divisão Honra,Instagram,,https://www.facebook.com/SLMarinha1939/,https://www.google.com/search?q=site%3Ainstagram.com%20%22SL%20Marinha%22%20Portugal%20futebol,https://www.google.com/search?q=site%3Afacebook.com%20%22SL%20Marinha%22%20Portugal%20futebol
UD Turquel,AF Leiria,1ª Divisão,Instagram,,https://www.facebook.com/udturquel/,https://www.google.com/search?q=site%3Ainstagram.com%20%22UD%20Turquel%22%20Portugal%20futebol,https://www.google.com/search?q=site%3Afacebook.com%20%22UD%20Turquel%22%20Portugal%20futebol
ADCEO,AF Lisboa,3ª Divisão MKA,Instagram,,https://www.facebook.com/oficial.adceo/,https://www.google.com/search?q=site%3Ainstagram.com%20%22ADCEO%22%20Portugal%20futebol,https://www.google.com/search?q=site%3Afacebook.com%20%22ADCEO%22%20Portugal%20futebol
Alcainça AC,AF Lisboa,3ª Divisão MKA,Instagram,,https://www.facebook.com/alcainca.atleticoclube/,https://www.google.com/search?q=site%3Ainstagram.com%20%22Alcain%C3%A7a%20AC%22%20Portugal%20futebol,https://www.google.com/search?q=site%3Afacebook.com%20%22Alcain%C3%A7a%20AC%22%20Portugal%20futebol
Associação Murteirense,AF Lisboa,1ª Divisão SABSEG,Instagram,,https://www.facebook.com/associacao.murteirense/,https://www.google.com/search?q=site%3Ainstagram.com%20%22Associa%C3%A7%C3%A3o%20Murteirense%22%20Portugal%20futebol,https://www.google.com/search?q=site%3Afacebook.com%20%22Associa%C3%A7%C3%A3o%20Murteirense%22%20Portugal%20futebol
At. Malveira,AF Lisboa,3ª Divisão MKA,Instagram,,https://www.facebook.com/AtleticoClubeDaMalveira/,https://www.google.com/search?q=site%3Ainstagram.com%20%22At.%20Malveira%22%20Portugal%20futebol,https://www.google.com/search?q=site%3Afacebook.com%20%22At.%20Malveira%22%20Portugal%20futebol
Bragadense,AF Lisboa,3ª Divisão MKA,Instagram,,https://www.facebook.com/GRDBragadense75/,https://www.google.com/search?q=site%3Ainstagram.com%20%22Bragadense%22%20Portugal%20futebol,https://www.google.com/search?q=site%3Afacebook.com%20%22Bragadense%22%20Portugal%20futebol
CAC,AF Lisboa,3ª Divisão MKA,Instagram,,https://www.facebook.com/profile.php?id=100063570132625,https://www.google.com/search?q=site%3Ainstagram.com%20%22CAC%22%20Portugal%20futebol,https://www.google.com/search?q=site%3Afacebook.com%20%22CAC%22%20Portugal%20futebol
CSD Bairro da Boavista,AF Lisboa,2ª Divisão MKA,Instagram,,https://www.facebook.com/profile.php?id=100069174904814,https://www.google.com/search?q=site%3Ainstagram.com%20%22CSD%20Bairro%20da%20Boavista%22%20Portugal%20futebol,https://www.google.com/search?q=site%3Afacebook.com%20%22CSD%20Bairro%20da%20Boavista%22%20Portugal%20futebol
Carregado,AF Lisboa,2ª Divisão MKA,Instagram,,https://www.facebook.com/profile.php?id=100064089130108,https://www.google.com/search?q=site%3Ainstagram.com%20%22Carregado%22%20Portugal%20futebol,https://www.google.com/search?q=site%3Afacebook.com%20%22Carregado%22%20Portugal%20futebol
Catujalense,AF Lisboa,2ª Divisão MKA,Instagram,,https://www.facebook.com/catujalense/,https://www.google.com/search?q=site%3Ainstagram.com%20%22Catujalense%22%20Portugal%20futebol,https://www.google.com/search?q=site%3Afacebook.com%20%22Catujalense%22%20Portugal%20futebol
Coutada,AF Lisboa,2ª Divisão MKA,Instagram,,https://www.facebook.com/coutada1951/,https://www.google.com/search?q=site%3Ainstagram.com%20%22Coutada%22%20Portugal%20futebol,https://www.google.com/search?q=site%3Afacebook.com%20%22Coutada%22%20Portugal%20futebol
Freiria,AF Lisboa,3ª Divisão MKA,Instagram,,https://www.facebook.com/freiriasportclube/,https://www.google.com/search?q=site%3Ainstagram.com%20%22Freiria%22%20Portugal%20futebol,https://www.google.com/search?q=site%3Afacebook.com%20%22Freiria%22%20Portugal%20futebol
MTBA,AF Lisboa,2ª Divisão MKA,Instagram,,https://www.facebook.com/MTBAgrupo/,https://www.google.com/search?q=site%3Ainstagram.com%20%22MTBA%22%20Portugal%20futebol,https://www.google.com/search?q=site%3Afacebook.com%20%22MTBA%22%20Portugal%20futebol
Mirantense,AF Lisboa,3ª Divisão MKA,Instagram,,https://www.facebook.com/profile.php?id=100063532482359,https://www.google.com/search?q=site%3Ainstagram.com%20%22Mirantense%22%20Portugal%20futebol,https://www.google.com/search?q=site%3Afacebook.com%20%22Mirantense%22%20Portugal%20futebol
Os Bucelenses,AF Lisboa,2ª Divisão MKA,Instagram,,https://www.facebook.com/Bucelenses/,https://www.google.com/search?q=site%3Ainstagram.com%20%22Os%20Bucelenses%22%20Portugal%20futebol,https://www.google.com/search?q=site%3Afacebook.com%20%22Os%20Bucelenses%22%20Portugal%20futebol
Os Montelavarenses,AF Lisboa,2ª Divisão MKA,Instagram,,https://www.facebook.com/osmontelavarenses.cfm/,https://www.google.com/search?q=site%3Ainstagram.com%20%22Os%20Montelavarenses%22%20Portugal%20futebol,https://www.google.com/search?q=site%3Afacebook.com%20%22Os%20Montelavarenses%22%20Portugal%20futebol
Ponterrolense,AF Lisboa,2ª Divisão MKA,Instagram,,https://www.facebook.com/gdrcponterrolense1941/,https://www.google.com/search?q=site%3Ainstagram.com%20%22Ponterrolense%22%20Portugal%20futebol,https://www.google.com/search?q=site%3Afacebook.com%20%22Ponterrolense%22%20Portugal%20futebol
Rio de Mouro,AF Lisboa,3ª Divisão MKA,Instagram,,https://www.facebook.com/gdrrm/,https://www.google.com/search?q=site%3Ainstagram.com%20%22Rio%20de%20Mouro%22%20Portugal%20futebol,https://www.google.com/search?q=site%3Afacebook.com%20%22Rio%20de%20Mouro%22%20Portugal%20futebol
SC Livramento,AF Lisboa,3ª Divisão MKA,Instagram,,https://www.facebook.com/SCL1939Official/,https://www.google.com/search?q=site%3Ainstagram.com%20%22SC%20Livramento%22%20Portugal%20futebol,https://www.google.com/search?q=site%3Afacebook.com%20%22SC%20Livramento%22%20Portugal%20futebol
Talaíde,AF Lisboa,3ª Divisão MKA,Instagram,,https://www.facebook.com/futebol.talaide/,https://www.google.com/search?q=site%3Ainstagram.com%20%22Tala%C3%ADde%22%20Portugal%20futebol,https://www.google.com/search?q=site%3Afacebook.com%20%22Tala%C3%ADde%22%20Portugal%20futebol
União dos Santos,AF Lisboa,3ª Divisão MKA,Instagram,,https://www.facebook.com/U.santosSportClube/,https://www.google.com/search?q=site%3Ainstagram.com%20%22Uni%C3%A3o%20dos%20Santos%22%20Portugal%20futebol,https://www.google.com/search?q=site%3Afacebook.com%20%22Uni%C3%A3o%20dos%20Santos%22%20Portugal%20futebol
Pontassolense,AF Madeira,Divisão de Honra,Instagram,,https://www.facebook.com/profile.php?id=100063636308630,https://www.google.com/search?q=site%3Ainstagram.com%20%22Pontassolense%22%20Portugal%20futebol,https://www.google.com/search?q=site%3Afacebook.com%20%22Pontassolense%22%20Portugal%20futebol
Ribeira Brava,AF Madeira,Divisão de Honra,Instagram,,https://www.facebook.com/profile.php?id=100069829929464,https://www.google.com/search?q=site%3Ainstagram.com%20%22Ribeira%20Brava%22%20Portugal%20futebol,https://www.google.com/search?q=site%3Afacebook.com%20%22Ribeira%20Brava%22%20Portugal%20futebol
União da Bola,AF Madeira,Divisão de Honra,Instagram,,https://www.facebook.com/uniaodabolafutebolclube/,https://www.google.com/search?q=site%3Ainstagram.com%20%22Uni%C3%A3o%20da%20Bola%22%20Portugal%20futebol,https://www.google.com/search?q=site%3Afacebook.com%20%22Uni%C3%A3o%20da%20Bola%22%20Portugal%20futebol
Eléctrico,AF Portalegre,Campeonato Distrital,Instagram,,https://www.facebook.com/electricofc/,https://www.google.com/search?q=site%3Ainstagram.com%20%22El%C3%A9ctrico%22%20Portugal%20futebol,https://www.google.com/search?q=site%3Afacebook.com%20%22El%C3%A9ctrico%22%20Portugal%20futebol
Gafetense,AF Portalegre,Campeonato Distrital,Instagram,,https://www.facebook.com/gafetense/,https://www.google.com/search?q=site%3Ainstagram.com%20%22Gafetense%22%20Portugal%20futebol,https://www.google.com/search?q=site%3Afacebook.com%20%22Gafetense%22%20Portugal%20futebol
Gavionenses,AF Portalegre,Campeonato Distrital,Instagram,,https://www.facebook.com/clubegavionense1891/,https://www.google.com/search?q=site%3Ainstagram.com%20%22Gavionenses%22%20Portugal%20futebol,https://www.google.com/search?q=site%3Afacebook.com%20%22Gavionenses%22%20Portugal%20futebol
Portalegrense,AF Portalegre,Campeonato Distrital,Instagram,,https://www.facebook.com/cdportalegrense/,https://www.google.com/search?q=site%3Ainstagram.com%20%22Portalegrense%22%20Portugal%20futebol,https://www.google.com/search?q=site%3Afacebook.com%20%22Portalegrense%22%20Portugal%20futebol
AD Várzea FC,AF Porto,"1ª Divisão, Divisão Elite",Instagram,,https://www.facebook.com/a.d.varzea/,https://www.google.com/search?q=site%3Ainstagram.com%20%22AD%20V%C3%A1rzea%20FC%22%20Portugal%20futebol,https://www.google.com/search?q=site%3Afacebook.com%20%22AD%20V%C3%A1rzea%20FC%22%20Portugal%20futebol
ADC Frazão,AF Porto,1ª Divisão,Instagram,,https://www.facebook.com/adcfrazaooficial/,https://www.google.com/search?q=site%3Ainstagram.com%20%22ADC%20Fraz%C3%A3o%22%20Portugal%20futebol,https://www.google.com/search?q=site%3Afacebook.com%20%22ADC%20Fraz%C3%A3o%22%20Portugal%20futebol
ADC Lodares,AF Porto,1ª Divisão,Instagram,,https://www.facebook.com/a.d.c.lodares,https://www.google.com/search?q=site%3Ainstagram.com%20%22ADC%20Lodares%22%20Portugal%20futebol,https://www.google.com/search?q=site%3Afacebook.com%20%22ADC%20Lodares%22%20Portugal%20futebol
ADCR Eja,AF Porto,1ª Divisão,Instagram,,https://www.facebook.com/p/ADCR-EJA-100084433196075/,https://www.google.com/search?q=site%3Ainstagram.com%20%22ADCR%20Eja%22%20Portugal%20futebol,https://www.google.com/search?q=site%3Afacebook.com%20%22ADCR%20Eja%22%20Portugal%20futebol
ADCR Gestaçô,AF Porto,1ª Divisão,Instagram,,https://www.facebook.com/p/Associa%C3%A7%C3%A3o-Desportiva-Cultural-e-Recreativa-de-Gesta%C3%A7%C3%B4-100027948865400/,https://www.google.com/search?q=site%3Ainstagram.com%20%22ADCR%20Gesta%C3%A7%C3%B4%22%20Portugal%20futebol,https://www.google.com/search?q=site%3Afacebook.com%20%22ADCR%20Gesta%C3%A7%C3%B4%22%20Portugal%20futebol
ADR Aveleda,AF Porto,1ª Divisão,Instagram,,https://www.facebook.com/ADRAveleda/,https://www.google.com/search?q=site%3Ainstagram.com%20%22ADR%20Aveleda%22%20Portugal%20futebol,https://www.google.com/search?q=site%3Afacebook.com%20%22ADR%20Aveleda%22%20Portugal%20futebol
AR Tuías,AF Porto,1ª Divisão,Instagram,,https://www.facebook.com/61566774608259/,https://www.google.com/search?q=site%3Ainstagram.com%20%22AR%20Tu%C3%ADas%22%20Portugal%20futebol,https://www.google.com/search?q=site%3Afacebook.com%20%22AR%20Tu%C3%ADas%22%20Portugal%20futebol
ARD Macieira,AF Porto,1ª Divisão,Instagram,,https://www.facebook.com/ardmacieira/,https://www.google.com/search?q=site%3Ainstagram.com%20%22ARD%20Macieira%22%20Portugal%20futebol,https://www.google.com/search?q=site%3Afacebook.com%20%22ARD%20Macieira%22%20Portugal%20futebol
Ancede,AF Porto,1ª Divisão,Instagram,,https://www.facebook.com/associacaodesportivaancede/,https://www.google.com/search?q=site%3Ainstagram.com%20%22Ancede%22%20Portugal%20futebol,https://www.google.com/search?q=site%3Afacebook.com%20%22Ancede%22%20Portugal%20futebol
Balasar,AF Porto,Divisão Honra,Instagram,,https://www.facebook.com/Balasar1986/,https://www.google.com/search?q=site%3Ainstagram.com%20%22Balasar%22%20Portugal%20futebol,https://www.google.com/search?q=site%3Afacebook.com%20%22Balasar%22%20Portugal%20futebol
CRCD Varziela,AF Porto,Divisão Elite,Instagram,,https://www.facebook.com/crcd.varziela.1/,https://www.google.com/search?q=site%3Ainstagram.com%20%22CRCD%20Varziela%22%20Portugal%20futebol,https://www.google.com/search?q=site%3Afacebook.com%20%22CRCD%20Varziela%22%20Portugal%20futebol
Castêlo da Maia,AF Porto,Divisão Elite,Instagram,,https://www.facebook.com/sccastelodamaia2022/,https://www.google.com/search?q=site%3Ainstagram.com%20%22Cast%C3%AAlo%20da%20Maia%22%20Portugal%20futebol,https://www.google.com/search?q=site%3Afacebook.com%20%22Cast%C3%AAlo%20da%20Maia%22%20Portugal%20futebol
Cête,AF Porto,Divisão Elite,Instagram,,https://www.facebook.com/fccete/,https://www.google.com/search?q=site%3Ainstagram.com%20%22C%C3%AAte%22%20Portugal%20futebol,https://www.google.com/search?q=site%3Afacebook.com%20%22C%C3%AAte%22%20Portugal%20futebol
Desp. Canelas,AF Porto,1ª Divisão,Instagram,,https://www.facebook.com/desportivodecanelasfutebolclube/,https://www.google.com/search?q=site%3Ainstagram.com%20%22Desp.%20Canelas%22%20Portugal%20futebol,https://www.google.com/search?q=site%3Afacebook.com%20%22Desp.%20Canelas%22%20Portugal%20futebol
FC Frende,AF Porto,1ª Divisão,Instagram,,https://www.facebook.com/fcfrende/,https://www.google.com/search?q=site%3Ainstagram.com%20%22FC%20Frende%22%20Portugal%20futebol,https://www.google.com/search?q=site%3Afacebook.com%20%22FC%20Frende%22%20Portugal%20futebol
FC Infesta,AF Porto,"1ª Divisão, Divisão Elite",Instagram,,https://www.facebook.com/fcinfesta/,https://www.google.com/search?q=site%3Ainstagram.com%20%22FC%20Infesta%22%20Portugal%20futebol,https://www.google.com/search?q=site%3Afacebook.com%20%22FC%20Infesta%22%20Portugal%20futebol
GD Penha Longa,AF Porto,1ª Divisão,Instagram,,https://www.facebook.com/GrupoDesportivoDePenhaLonga/,https://www.google.com/search?q=site%3Ainstagram.com%20%22GD%20Penha%20Longa%22%20Portugal%20futebol,https://www.google.com/search?q=site%3Afacebook.com%20%22GD%20Penha%20Longa%22%20Portugal%20futebol
GDCSS Castelões,AF Porto,Divisão Honra,Instagram,,https://www.facebook.com/gdcscasteloes/,https://www.google.com/search?q=site%3Ainstagram.com%20%22GDCSS%20Castel%C3%B5es%22%20Portugal%20futebol,https://www.google.com/search?q=site%3Afacebook.com%20%22GDCSS%20Castel%C3%B5es%22%20Portugal%20futebol
GDRC S. Luiz,AF Porto,1ª Divisão,Instagram,,https://www.facebook.com/gdrcsluiz/,https://www.google.com/search?q=site%3Ainstagram.com%20%22GDRC%20S.%20Luiz%22%20Portugal%20futebol,https://www.google.com/search?q=site%3Afacebook.com%20%22GDRC%20S.%20Luiz%22%20Portugal%20futebol
ISC Sobreirense,AF Porto,Divisão Honra,Instagram,,https://www.facebook.com/iscsobreirense/,https://www.google.com/search?q=site%3Ainstagram.com%20%22ISC%20Sobreirense%22%20Portugal%20futebol,https://www.google.com/search?q=site%3Afacebook.com%20%22ISC%20Sobreirense%22%20Portugal%20futebol
Leões Seroa,AF Porto,1ª Divisão,Instagram,,https://www.facebook.com/cdleoesseroa/,https://www.google.com/search?q=site%3Ainstagram.com%20%22Le%C3%B5es%20Seroa%22%20Portugal%20futebol,https://www.google.com/search?q=site%3Afacebook.com%20%22Le%C3%B5es%20Seroa%22%20Portugal%20futebol
Lixa,AF Porto,"1ª Divisão, Divisão Elite",Instagram,,https://www.facebook.com/futebolclubedalixa/,https://www.google.com/search?q=site%3Ainstagram.com%20%22Lixa%22%20Portugal%20futebol,https://www.google.com/search?q=site%3Afacebook.com%20%22Lixa%22%20Portugal%20futebol
Lomba SC Amarante,AF Porto,Divisão Honra,Instagram,,https://www.facebook.com/lombasca/,https://www.google.com/search?q=site%3Ainstagram.com%20%22Lomba%20SC%20Amarante%22%20Portugal%20futebol,https://www.google.com/search?q=site%3Afacebook.com%20%22Lomba%20SC%20Amarante%22%20Portugal%20futebol
Mocidade Sangemil,AF Porto,1ª Divisão,Instagram,,https://www.facebook.com/MocidadeSangemilAC/,https://www.google.com/search?q=site%3Ainstagram.com%20%22Mocidade%20Sangemil%22%20Portugal%20futebol,https://www.google.com/search?q=site%3Afacebook.com%20%22Mocidade%20Sangemil%22%20Portugal%20futebol
Paço de Sousa,AF Porto,1ª Divisão,Instagram,,https://www.facebook.com/FCPSOFICIAL/,https://www.google.com/search?q=site%3Ainstagram.com%20%22Pa%C3%A7o%20de%20Sousa%22%20Portugal%20futebol,https://www.google.com/search?q=site%3Afacebook.com%20%22Pa%C3%A7o%20de%20Sousa%22%20Portugal%20futebol
Penamaior,AF Porto,1ª Divisão,Instagram,,https://www.facebook.com/ADCPenamaior2017/,https://www.google.com/search?q=site%3Ainstagram.com%20%22Penamaior%22%20Portugal%20futebol,https://www.google.com/search?q=site%3Afacebook.com%20%22Penamaior%22%20Portugal%20futebol
Raimonda,AF Porto,Divisão Honra,Instagram,,https://www.facebook.com/CCRRaimonda/,https://www.google.com/search?q=site%3Ainstagram.com%20%22Raimonda%22%20Portugal%20futebol,https://www.google.com/search?q=site%3Afacebook.com%20%22Raimonda%22%20Portugal%20futebol
Rio Mau FC,AF Porto,1ª Divisão,Instagram,,https://www.facebook.com/riomaufc1970/,https://www.google.com/search?q=site%3Ainstagram.com%20%22Rio%20Mau%20FC%22%20Portugal%20futebol,https://www.google.com/search?q=site%3Afacebook.com%20%22Rio%20Mau%20FC%22%20Portugal%20futebol
SC Duas Igrejas,AF Porto,1ª Divisão,Instagram,,https://www.facebook.com/profile.php?id=61550972253484,https://www.google.com/search?q=site%3Ainstagram.com%20%22SC%20Duas%20Igrejas%22%20Portugal%20futebol,https://www.google.com/search?q=site%3Afacebook.com%20%22SC%20Duas%20Igrejas%22%20Portugal%20futebol
SC Lagares,AF Porto,1ª Divisão,Instagram,,https://www.facebook.com/sportingclubedelagares/,https://www.google.com/search?q=site%3Ainstagram.com%20%22SC%20Lagares%22%20Portugal%20futebol,https://www.google.com/search?q=site%3Afacebook.com%20%22SC%20Lagares%22%20Portugal%20futebol
SC Rio de Moinhos,AF Porto,Divisão Elite,Instagram,,https://www.facebook.com/scriodemoinhosoficial/,https://www.google.com/search?q=site%3Ainstagram.com%20%22SC%20Rio%20de%20Moinhos%22%20Portugal%20futebol,https://www.google.com/search?q=site%3Afacebook.com%20%22SC%20Rio%20de%20Moinhos%22%20Portugal%20futebol
Sequeirô,AF Porto,1ª Divisão,Instagram,,https://www.facebook.com/arsequeiro/,https://www.google.com/search?q=site%3Ainstagram.com%20%22Sequeir%C3%B4%22%20Portugal%20futebol,https://www.google.com/search?q=site%3Afacebook.com%20%22Sequeir%C3%B4%22%20Portugal%20futebol
UCR Boim,AF Porto,Divisão Honra,Instagram,,https://www.facebook.com/p/UCR-BOIM-100063525580073/,https://www.google.com/search?q=site%3Ainstagram.com%20%22UCR%20Boim%22%20Portugal%20futebol,https://www.google.com/search?q=site%3Afacebook.com%20%22UCR%20Boim%22%20Portugal%20futebol
UD Abragonense,AF Porto,1ª Divisão,Instagram,,https://www.facebook.com/UDAbragonense/,https://www.google.com/search?q=site%3Ainstagram.com%20%22UD%20Abragonense%22%20Portugal%20futebol,https://www.google.com/search?q=site%3Afacebook.com%20%22UD%20Abragonense%22%20Portugal%20futebol
Vandoma,AF Porto,Divisão Elite,Instagram,,https://www.facebook.com/cfvandoma/,https://www.google.com/search?q=site%3Ainstagram.com%20%22Vandoma%22%20Portugal%20futebol,https://www.google.com/search?q=site%3Afacebook.com%20%22Vandoma%22%20Portugal%20futebol
Várzea do Douro,AF Porto,"1ª Divisão, Divisão Elite",Instagram,,https://www.facebook.com/Varzeadodouro/,https://www.google.com/search?q=site%3Ainstagram.com%20%22V%C3%A1rzea%20do%20Douro%22%20Portugal%20futebol,https://www.google.com/search?q=site%3Afacebook.com%20%22V%C3%A1rzea%20do%20Douro%22%20Portugal%20futebol
Águias de Eiriz,AF Porto,Divisão Elite,Instagram,,https://www.facebook.com/cdaguiasdeeiriz/,https://www.google.com/search?q=site%3Ainstagram.com%20%22%C3%81guias%20de%20Eiriz%22%20Portugal%20futebol,https://www.google.com/search?q=site%3Afacebook.com%20%22%C3%81guias%20de%20Eiriz%22%20Portugal%20futebol
CCD Caxarias,AF Santarém,2ª Divisão,Instagram,,https://www.facebook.com/CCDCaxarias/,https://www.google.com/search?q=site%3Ainstagram.com%20%22CCD%20Caxarias%22%20Portugal%20futebol,https://www.google.com/search?q=site%3Afacebook.com%20%22CCD%20Caxarias%22%20Portugal%20futebol
CD Vilarense,AF Santarém,2ª Divisão,Instagram,,https://www.facebook.com/clubedesportivovilarense1957/,https://www.google.com/search?q=site%3Ainstagram.com%20%22CD%20Vilarense%22%20Portugal%20futebol,https://www.google.com/search?q=site%3Afacebook.com%20%22CD%20Vilarense%22%20Portugal%20futebol
CDR Alferrarede,AF Santarém,2ª Divisão,Instagram,,https://www.facebook.com/Dragoes1935/,https://www.google.com/search?q=site%3Ainstagram.com%20%22CDR%20Alferrarede%22%20Portugal%20futebol,https://www.google.com/search?q=site%3Afacebook.com%20%22CDR%20Alferrarede%22%20Portugal%20futebol
CP Pego,AF Santarém,2ª Divisão,Instagram,,https://www.facebook.com/pegofutebol/,https://www.google.com/search?q=site%3Ainstagram.com%20%22CP%20Pego%22%20Portugal%20futebol,https://www.google.com/search?q=site%3Afacebook.com%20%22CP%20Pego%22%20Portugal%20futebol
Espinheirense,AF Santarém,2ª Divisão,Instagram,,https://www.facebook.com/ACREEspinheiro/,https://www.google.com/search?q=site%3Ainstagram.com%20%22Espinheirense%22%20Portugal%20futebol,https://www.google.com/search?q=site%3Afacebook.com%20%22Espinheirense%22%20Portugal%20futebol
Ferreira do Zêzere,AF Santarém,2ª Divisão,Instagram,,https://www.facebook.com/scferreiradozezerefutebol/,https://www.google.com/search?q=site%3Ainstagram.com%20%22Ferreira%20do%20Z%C3%AAzere%22%20Portugal%20futebol,https://www.google.com/search?q=site%3Afacebook.com%20%22Ferreira%20do%20Z%C3%AAzere%22%20Portugal%20futebol
Mação,AF Santarém,1ª Divisão,Instagram,,https://www.facebook.com/associacaodesportivademacao/,https://www.google.com/search?q=site%3Ainstagram.com%20%22Ma%C3%A7%C3%A3o%22%20Portugal%20futebol,https://www.google.com/search?q=site%3Afacebook.com%20%22Ma%C3%A7%C3%A3o%22%20Portugal%20futebol
Os Lagartos,AF Santarém,2ª Divisão,Instagram,,https://www.facebook.com/gdrlagartos/,https://www.google.com/search?q=site%3Ainstagram.com%20%22Os%20Lagartos%22%20Portugal%20futebol,https://www.google.com/search?q=site%3Afacebook.com%20%22Os%20Lagartos%22%20Portugal%20futebol
Salvaterrense,AF Santarém,2ª Divisão,Instagram,,https://www.facebook.com/clubedesportivo.salvaterrense/,https://www.google.com/search?q=site%3Ainstagram.com%20%22Salvaterrense%22%20Portugal%20futebol,https://www.google.com/search?q=site%3Afacebook.com%20%22Salvaterrense%22%20Portugal%20futebol
Samora Correia,AF Santarém,"1ª Divisão, 2ª Divisão",Instagram,,https://www.facebook.com/GDSCoficial/,https://www.google.com/search?q=site%3Ainstagram.com%20%22Samora%20Correia%22%20Portugal%20futebol,https://www.google.com/search?q=site%3Afacebook.com%20%22Samora%20Correia%22%20Portugal%20futebol
Afonsoeirense,AF Setúbal,2ª Divisão,Instagram,,https://www.facebook.com/estrelafcafonsoeirense/,https://www.google.com/search?q=site%3Ainstagram.com%20%22Afonsoeirense%22%20Portugal%20futebol,https://www.google.com/search?q=site%3Afacebook.com%20%22Afonsoeirense%22%20Portugal%20futebol
Almada AC,AF Setúbal,2ª Divisão,Instagram,,https://www.facebook.com/almadaatleticoclube/,https://www.google.com/search?q=site%3Ainstagram.com%20%22Almada%20AC%22%20Portugal%20futebol,https://www.google.com/search?q=site%3Afacebook.com%20%22Almada%20AC%22%20Portugal%20futebol
CDR Águas de Moura,AF Setúbal,2ª Divisão,Instagram,,https://www.facebook.com/cdraguasmoura/,https://www.google.com/search?q=site%3Ainstagram.com%20%22CDR%20%C3%81guas%20de%20Moura%22%20Portugal%20futebol,https://www.google.com/search?q=site%3Afacebook.com%20%22CDR%20%C3%81guas%20de%20Moura%22%20Portugal%20futebol
CR Instrução,AF Setúbal,2ª Divisão,Instagram,,https://www.facebook.com/cri.alhosvedros/,https://www.google.com/search?q=site%3Ainstagram.com%20%22CR%20Instru%C3%A7%C3%A3o%22%20Portugal%20futebol,https://www.google.com/search?q=site%3Afacebook.com%20%22CR%20Instru%C3%A7%C3%A3o%22%20Portugal%20futebol
Fabril Barreiro,AF Setúbal,2ª Divisão,Instagram,,https://www.facebook.com/GDFabrildoBarreiro/,https://www.google.com/search?q=site%3Ainstagram.com%20%22Fabril%20Barreiro%22%20Portugal%20futebol,https://www.google.com/search?q=site%3Afacebook.com%20%22Fabril%20Barreiro%22%20Portugal%20futebol
GD Alfarim,AF Setúbal,1ª Divisão,Instagram,,https://www.facebook.com/grupodesportivoalfarim/,https://www.google.com/search?q=site%3Ainstagram.com%20%22GD%20Alfarim%22%20Portugal%20futebol,https://www.google.com/search?q=site%3Afacebook.com%20%22GD%20Alfarim%22%20Portugal%20futebol
GD Sesimbra,AF Setúbal,1ª Divisão,Instagram,,https://www.facebook.com/GDSesimbra1947/,https://www.google.com/search?q=site%3Ainstagram.com%20%22GD%20Sesimbra%22%20Portugal%20futebol,https://www.google.com/search?q=site%3Afacebook.com%20%22GD%20Sesimbra%22%20Portugal%20futebol
Melidense,AF Setúbal,2ª Divisão,Instagram,,https://www.facebook.com/juventudedesportivamelidense/,https://www.google.com/search?q=site%3Ainstagram.com%20%22Melidense%22%20Portugal%20futebol,https://www.google.com/search?q=site%3Afacebook.com%20%22Melidense%22%20Portugal%20futebol
O Grandolense,AF Setúbal,1ª Divisão,Instagram,,https://www.facebook.com/profile.php?id=100071381870608,https://www.google.com/search?q=site%3Ainstagram.com%20%22O%20Grandolense%22%20Portugal%20futebol,https://www.google.com/search?q=site%3Afacebook.com%20%22O%20Grandolense%22%20Portugal%20futebol
Olímpico Montijo,AF Setúbal,1ª Divisão,Instagram,,https://www.facebook.com/comontijooficial/,https://www.google.com/search?q=site%3Ainstagram.com%20%22Ol%C3%ADmpico%20Montijo%22%20Portugal%20futebol,https://www.google.com/search?q=site%3Afacebook.com%20%22Ol%C3%ADmpico%20Montijo%22%20Portugal%20futebol
Palmelense,AF Setúbal,1ª Divisão,Instagram,,https://www.facebook.com/Palmelense-Futebol-Clube-174033929309380/,https://www.google.com/search?q=site%3Ainstagram.com%20%22Palmelense%22%20Portugal%20futebol,https://www.google.com/search?q=site%3Afacebook.com%20%22Palmelense%22%20Portugal%20futebol
Samouquense,AF Setúbal,2ª Divisão,Instagram,,https://www.facebook.com/profile.php?id=100079487829773,https://www.google.com/search?q=site%3Ainstagram.com%20%22Samouquense%22%20Portugal%20futebol,https://www.google.com/search?q=site%3Afacebook.com%20%22Samouquense%22%20Portugal%20futebol
UFC Moitense,AF Setúbal,1ª Divisão,Instagram,,https://www.facebook.com/ufcmoitense/,https://www.google.com/search?q=site%3Ainstagram.com%20%22UFC%20Moitense%22%20Portugal%20futebol,https://www.google.com/search?q=site%3Afacebook.com%20%22UFC%20Moitense%22%20Portugal%20futebol
União Banheirense,AF Setúbal,2ª Divisão,Instagram,,https://www.facebook.com/profile.php?id=100064763104428,https://www.google.com/search?q=site%3Ainstagram.com%20%22Uni%C3%A3o%20Banheirense%22%20Portugal%20futebol,https://www.google.com/search?q=site%3Afacebook.com%20%22Uni%C3%A3o%20Banheirense%22%20Portugal%20futebol
Vinhense,AF Setúbal,2ª Divisão,Instagram,,https://www.facebook.com/sportingcvinhense/,https://www.google.com/search?q=site%3Ainstagram.com%20%22Vinhense%22%20Portugal%20futebol,https://www.google.com/search?q=site%3Afacebook.com%20%22Vinhense%22%20Portugal%20futebol
AD Fachense,AF Viana do Castelo,1ª Divisão SABSEG,Instagram,,https://www.facebook.com/AcdFachense/,https://www.google.com/search?q=site%3Ainstagram.com%20%22AD%20Fachense%22%20Portugal%20futebol,https://www.google.com/search?q=site%3Afacebook.com%20%22AD%20Fachense%22%20Portugal%20futebol
ADC Correlhã,AF Viana do Castelo,1ª Divisão SABSEG,Instagram,,https://www.facebook.com/ADCCorrelha/,https://www.google.com/search?q=site%3Ainstagram.com%20%22ADC%20Correlh%C3%A3%22%20Portugal%20futebol,https://www.google.com/search?q=site%3Afacebook.com%20%22ADC%20Correlh%C3%A3%22%20Portugal%20futebol
ARC Paçô,AF Viana do Castelo,2ª Divisão MKA,Instagram,,https://www.facebook.com/profile.php?id=100085378582666,https://www.google.com/search?q=site%3Ainstagram.com%20%22ARC%20Pa%C3%A7%C3%B4%22%20Portugal%20futebol,https://www.google.com/search?q=site%3Afacebook.com%20%22ARC%20Pa%C3%A7%C3%B4%22%20Portugal%20futebol
Anais FC,AF Viana do Castelo,2ª Divisão MKA,Instagram,,https://www.facebook.com/anais.futebolclube/,https://www.google.com/search?q=site%3Ainstagram.com%20%22Anais%20FC%22%20Portugal%20futebol,https://www.google.com/search?q=site%3Afacebook.com%20%22Anais%20FC%22%20Portugal%20futebol
Atlético dos Arcos,AF Viana do Castelo,1ª Divisão SABSEG,Instagram,,https://www.facebook.com/atleticoarcos/,https://www.google.com/search?q=site%3Ainstagram.com%20%22Atl%C3%A9tico%20dos%20Arcos%22%20Portugal%20futebol,https://www.google.com/search?q=site%3Afacebook.com%20%22Atl%C3%A9tico%20dos%20Arcos%22%20Portugal%20futebol
Castelense,AF Viana do Castelo,1ª Divisão SABSEG,Instagram,,https://www.facebook.com/profile.php?id=100057520836786,https://www.google.com/search?q=site%3Ainstagram.com%20%22Castelense%22%20Portugal%20futebol,https://www.google.com/search?q=site%3Afacebook.com%20%22Castelense%22%20Portugal%20futebol
Darquense,AF Viana do Castelo,2ª Divisão MKA,Instagram,,https://www.facebook.com/addarquense1975/,https://www.google.com/search?q=site%3Ainstagram.com%20%22Darquense%22%20Portugal%20futebol,https://www.google.com/search?q=site%3Afacebook.com%20%22Darquense%22%20Portugal%20futebol
Raianos,AF Viana do Castelo,2ª Divisão MKA,Instagram,,https://www.facebook.com/uniaodesportiva.osraianos/,https://www.google.com/search?q=site%3Ainstagram.com%20%22Raianos%22%20Portugal%20futebol,https://www.google.com/search?q=site%3Afacebook.com%20%22Raianos%22%20Portugal%20futebol
UD Lanheses,AF Viana do Castelo,1ª Divisão SABSEG,Instagram,,https://www.facebook.com/udlanheses/,https://www.google.com/search?q=site%3Ainstagram.com%20%22UD%20Lanheses%22%20Portugal%20futebol,https://www.google.com/search?q=site%3Afacebook.com%20%22UD%20Lanheses%22%20Portugal%20futebol
Atei,AF Vila Real,Divisão de Honra,Instagram,,https://www.facebook.com/AteiFC/,https://www.google.com/search?q=site%3Ainstagram.com%20%22Atei%22%20Portugal%20futebol,https://www.google.com/search?q=site%3Afacebook.com%20%22Atei%22%20Portugal%20futebol
GD Cerva,AF Vila Real,Divisão de Honra,Instagram,,https://www.facebook.com/GrupoDesportivodeCerva/,https://www.google.com/search?q=site%3Ainstagram.com%20%22GD%20Cerva%22%20Portugal%20futebol,https://www.google.com/search?q=site%3Afacebook.com%20%22GD%20Cerva%22%20Portugal%20futebol
GDC Salto,AF Vila Real,Divisão de Honra,Instagram,,https://www.facebook.com/profile.php?id=100063043970634,https://www.google.com/search?q=site%3Ainstagram.com%20%22GDC%20Salto%22%20Portugal%20futebol,https://www.google.com/search?q=site%3Afacebook.com%20%22GDC%20Salto%22%20Portugal%20futebol
Juv. Pedras Salgadas,AF Vila Real,Divisão de Honra,Instagram,,https://www.facebook.com/juventudepedrassalgadas/,https://www.google.com/search?q=site%3Ainstagram.com%20%22Juv.%20Pedras%20Salgadas%22%20Portugal%20futebol,https://www.google.com/search?q=site%3Afacebook.com%20%22Juv.%20Pedras%20Salgadas%22%20Portugal%20futebol
Mesão Frio,AF Vila Real,Divisão de Honra,Instagram,,https://www.facebook.com/S.C.MesaoFrio/,https://www.google.com/search?q=site%3Ainstagram.com%20%22Mes%C3%A3o%20Frio%22%20Portugal%20futebol,https://www.google.com/search?q=site%3Afacebook.com%20%22Mes%C3%A3o%20Frio%22%20Portugal%20futebol
Mondinense,AF Vila Real,Divisão de Honra,Instagram,,https://www.facebook.com/mondinense/,https://www.google.com/search?q=site%3Ainstagram.com%20%22Mondinense%22%20Portugal%20futebol,https://www.google.com/search?q=site%3Afacebook.com%20%22Mondinense%22%20Portugal%20futebol
Sabroso,AF Vila Real,Divisão de Honra,Instagram,,https://www.facebook.com/sabrososc/,https://www.google.com/search?q=site%3Ainstagram.com%20%22Sabroso%22%20Portugal%20futebol,https://www.google.com/search?q=site%3Afacebook.com%20%22Sabroso%22%20Portugal%20futebol
Vila Pouca,AF Vila Real,Divisão de Honra,Instagram,,https://www.facebook.com/SCVPA1963/,https://www.google.com/search?q=site%3Ainstagram.com%20%22Vila%20Pouca%22%20Portugal%20futebol,https://www.google.com/search?q=site%3Afacebook.com%20%22Vila%20Pouca%22%20Portugal%20futebol
Vilar de Perdizes,AF Vila Real,Divisão de Honra,Instagram,,https://www.facebook.com/vilardeperdizes.futebol/,https://www.google.com/search?q=site%3Ainstagram.com%20%22Vilar%20de%20Perdizes%22%20Portugal%20futebol,https://www.google.com/search?q=site%3Afacebook.com%20%22Vilar%20de%20Perdizes%22%20Portugal%20futebol
AD Piães,AF Viseu,1ª Divisão,Instagram,,https://www.facebook.com/p/Associa%C3%A7%C3%A3o-Desportiva-de-Pi%C3%A3es-100057302745538/,https://www.google.com/search?q=site%3Ainstagram.com%20%22AD%20Pi%C3%A3es%22%20Portugal%20futebol,https://www.google.com/search?q=site%3Afacebook.com%20%22AD%20Pi%C3%A3es%22%20Portugal%20futebol
GD Parada,AF Viseu,1ª Divisão,Instagram,,https://www.facebook.com/Gr.De.Parada/,https://www.google.com/search?q=site%3Ainstagram.com%20%22GD%20Parada%22%20Portugal%20futebol,https://www.google.com/search?q=site%3Afacebook.com%20%22GD%20Parada%22%20Portugal%20futebol
GDCRS Silgueiros,AF Viseu,2ª Divisão,Instagram,,https://www.facebook.com/profile.php?id=61576252820998,https://www.google.com/search?q=site%3Ainstagram.com%20%22GDCRS%20Silgueiros%22%20Portugal%20futebol,https://www.google.com/search?q=site%3Afacebook.com%20%22GDCRS%20Silgueiros%22%20Portugal%20futebol
Molelos,AF Viseu,Divisão Honra,Instagram,,https://www.facebook.com/CAMolelos/,https://www.google.com/search?q=site%3Ainstagram.com%20%22Molelos%22%20Portugal%20futebol,https://www.google.com/search?q=site%3Afacebook.com%20%22Molelos%22%20Portugal%20futebol
Paivense (V.N. de Paiva),AF Viseu,1ª Divisão,Instagram,,https://www.facebook.com/paivensevnp/,https://www.google.com/search?q=site%3Ainstagram.com%20%22Paivense%20%28V.N.%20de%20Paiva%29%22%20Portugal%20futebol,https://www.google.com/search?q=site%3Afacebook.com%20%22Paivense%20%28V.N.%20de%20Paiva%29%22%20Portugal%20futebol
SC Lamego,AF Viseu,Divisão Honra,Instagram,,https://www.facebook.com/sclamego/,https://www.google.com/search?q=site%3Ainstagram.com%20%22SC%20Lamego%22%20Portugal%20futebol,https://www.google.com/search?q=site%3Afacebook.com%20%22SC%20Lamego%22%20Portugal%20futebol
SC Nandufe,AF Viseu,2ª Divisão,Instagram,,https://www.facebook.com/SCNandufe/,https://www.google.com/search?q=site%3Ainstagram.com%20%22SC%20Nandufe%22%20Portugal%20futebol,https://www.google.com/search?q=site%3Afacebook.com%20%22SC%20Nandufe%22%20Portugal%20futebol
Souselo FC,AF Viseu,2ª Divisão,Instagram,,https://www.facebook.com/souselofc/,https://www.google.com/search?q=site%3Ainstagram.com%20%22Souselo%20FC%22%20Portugal%20futebol,https://www.google.com/search?q=site%3Afacebook.com%20%22Souselo%20FC%22%20Portugal%20futebol
Vale de Açores,AF Viseu,Divisão Honra,Instagram,,https://www.facebook.com/scvaledeacores/,https://www.google.com/search?q=site%3Ainstagram.com%20%22Vale%20de%20A%C3%A7ores%22%20Portugal%20futebol,https://www.google.com/search?q=site%3Afacebook.com%20%22Vale%20de%20A%C3%A7ores%22%20Portugal%20futebol
Vale de Madeiros,AF Viseu,2ª Divisão,Instagram,,https://www.facebook.com/valedemadeiros.svmb/,https://www.google.com/search?q=site%3Ainstagram.com%20%22Vale%20de%20Madeiros%22%20Portugal%20futebol,https://www.google.com/search?q=site%3Afacebook.com%20%22Vale%20de%20Madeiros%22%20Portugal%20futebol
Viseu e Benfica,AF Viseu,2ª Divisão,Instagram,,https://www.facebook.com/profile.php?id=61565241084222,https://www.google.com/search?q=site%3Ainstagram.com%20%22Viseu%20e%20Benfica%22%20Portugal%20futebol,https://www.google.com/search?q=site%3Afacebook.com%20%22Viseu%20e%20Benfica%22%20Portugal%20futebol
AD Vera Cruz,AF Évora,Liga AFE,Instagram,,https://www.facebook.com/profile.php?id=100057186860855,https://www.google.com/search?q=site%3Ainstagram.com%20%22AD%20Vera%20Cruz%22%20Portugal%20futebol,https://www.google.com/search?q=site%3Afacebook.com%20%22AD%20Vera%20Cruz%22%20Portugal%20futebol
Alcaçovense,AF Évora,Liga AFE,Instagram,,https://www.facebook.com/profile.php?id=100054670890798,https://www.google.com/search?q=site%3Ainstagram.com%20%22Alca%C3%A7ovense%22%20Portugal%20futebol,https://www.google.com/search?q=site%3Afacebook.com%20%22Alca%C3%A7ovense%22%20Portugal%20futebol
Arraiolense,AF Évora,Liga Elite,Instagram,,https://www.facebook.com/LCDA1975/,https://www.google.com/search?q=site%3Ainstagram.com%20%22Arraiolense%22%20Portugal%20futebol,https://www.google.com/search?q=site%3Afacebook.com%20%22Arraiolense%22%20Portugal%20futebol
Bencatelense,AF Évora,Liga AFE,Instagram,,https://www.facebook.com/sportclubebencatelense/,https://www.google.com/search?q=site%3Ainstagram.com%20%22Bencatelense%22%20Portugal%20futebol,https://www.google.com/search?q=site%3Afacebook.com%20%22Bencatelense%22%20Portugal%20futebol
CF Estremoz,AF Évora,Liga AFE,Instagram,,https://www.facebook.com/profile.php?id=100064636844715,https://www.google.com/search?q=site%3Ainstagram.com%20%22CF%20Estremoz%22%20Portugal%20futebol,https://www.google.com/search?q=site%3Afacebook.com%20%22CF%20Estremoz%22%20Portugal%20futebol
Estrela FC,AF Évora,Liga Elite,Instagram,,https://www.facebook.com/EstrelaClube/,https://www.google.com/search?q=site%3Ainstagram.com%20%22Estrela%20FC%22%20Portugal%20futebol,https://www.google.com/search?q=site%3Afacebook.com%20%22Estrela%20FC%22%20Portugal%20futebol
Fazendas do Cortiço,AF Évora,Liga AFE,Instagram,,https://www.facebook.com/gcd.fazendasdocortico/,https://www.google.com/search?q=site%3Ainstagram.com%20%22Fazendas%20do%20Corti%C3%A7o%22%20Portugal%20futebol,https://www.google.com/search?q=site%3Afacebook.com%20%22Fazendas%20do%20Corti%C3%A7o%22%20Portugal%20futebol
Foros Vale Figueira,AF Évora,Liga AFE,Instagram,,https://www.facebook.com/fvffutebolclube/,https://www.google.com/search?q=site%3Ainstagram.com%20%22Foros%20Vale%20Figueira%22%20Portugal%20futebol,https://www.google.com/search?q=site%3Afacebook.com%20%22Foros%20Vale%20Figueira%22%20Portugal%20futebol
Monte Trigo,AF Évora,Liga Elite,Instagram,,https://www.facebook.com/grupodesportivomontetrigo/,https://www.google.com/search?q=site%3Ainstagram.com%20%22Monte%20Trigo%22%20Portugal%20futebol,https://www.google.com/search?q=site%3Afacebook.com%20%22Monte%20Trigo%22%20Portugal%20futebol
Oriolenses,AF Évora,Liga AFE,Instagram,,https://www.facebook.com/osoriolenses/,https://www.google.com/search?q=site%3Ainstagram.com%20%22Oriolenses%22%20Portugal%20futebol,https://www.google.com/search?q=site%3Afacebook.com%20%22Oriolenses%22%20Portugal%20futebol
Valenças,AF Évora,Liga AFE,Instagram,,https://www.facebook.com/valencassc/,https://www.google.com/search?q=site%3Ainstagram.com%20%22Valen%C3%A7as%22%20Portugal%20futebol,https://www.google.com/search?q=site%3Afacebook.com%20%22Valen%C3%A7as%22%20Portugal%20futebol
Sertanense,FPF,Campeonato de Portugal,Instagram,,https://www.facebook.com/sertanensefc/,https://www.google.com/search?q=site%3Ainstagram.com%20%22Sertanense%22%20Portugal%20futebol,https://www.google.com/search?q=site%3Afacebook.com%20%22Sertanense%22%20Portugal%20futebol
Sousense,FPF,Campeonato de Portugal,Instagram,,https://www.facebook.com/profile.php?id=191277870949773,https://www.google.com/search?q=site%3Ainstagram.com%20%22Sousense%22%20Portugal%20futebol,https://www.google.com/search?q=site%3Afacebook.com%20%22Sousense%22%20Portugal%20futebol
CD Santo António,Interdistrital Açores,Campeonato de Futebol dos Açores,Instagram,,https://www.facebook.com/clubenordestinho/,https://www.google.com/search?q=site%3Ainstagram.com%20%22CD%20Santo%20Ant%C3%B3nio%22%20Portugal%20futebol,https://www.google.com/search?q=site%3Afacebook.com%20%22CD%20Santo%20Ant%C3%B3nio%22%20Portugal%20futebol
SC Barreiro,Interdistrital Açores,Campeonato de Futebol dos Açores,Instagram,,https://www.facebook.com/S.ClubBarreiro/,https://www.google.com/search?q=site%3Ainstagram.com%20%22SC%20Barreiro%22%20Portugal%20futebol,https://www.google.com/search?q=site%3Afacebook.com%20%22SC%20Barreiro%22%20Portugal%20futebol
SC Lusitânia,Interdistrital Açores,Campeonato de Futebol dos Açores,Instagram,,https://www.facebook.com/sclusitania/,https://www.google.com/search?q=site%3Ainstagram.com%20%22SC%20Lusit%C3%A2nia%22%20Portugal%20futebol,https://www.google.com/search?q=site%3Afacebook.com%20%22SC%20Lusit%C3%A2nia%22%20Portugal%20futebol
SC Praiense,Interdistrital Açores,Campeonato de Futebol dos Açores,Instagram,,https://www.facebook.com/SC.Praiense1947/,https://www.google.com/search?q=site%3Ainstagram.com%20%22SC%20Praiense%22%20Portugal%20futebol,https://www.google.com/search?q=site%3Afacebook.com%20%22SC%20Praiense%22%20Portugal%20futebol
União Micaelense,Interdistrital Açores,Campeonato de Futebol dos Açores,Instagram,,https://www.facebook.com/ClubeUniaoMicaelense/,https://www.google.com/search?q=site%3Ainstagram.com%20%22Uni%C3%A3o%20Micaelense%22%20Portugal%20futebol,https://www.google.com/search?q=site%3Afacebook.com%20%22Uni%C3%A3o%20Micaelense%22%20Portugal%20futebol
Vale Formoso,Interdistrital Açores,Campeonato de Futebol dos Açores,Instagram,,https://www.facebook.com/fcvaleformoso/,https://www.google.com/search?q=site%3Ainstagram.com%20%22Vale%20Formoso%22%20Portugal%20futebol,https://www.google.com/search?q=site%3Afacebook.com%20%22Vale%20Formoso%22%20Portugal%20futebol
Lusitano VRSA,AF Algarve,1ª Divisão,Facebook,lusitanofc,,https://www.google.com/search?q=site%3Ainstagram.com%20%22Lusitano%20VRSA%22%20Portugal%20futebol,https://www.google.com/search?q=site%3Afacebook.com%20%22Lusitano%20VRSA%22%20Portugal%20futebol
AD Nogueira Regedoura,AF Aveiro,1ª Divisão,Facebook,adnogueiraregedoura,,https://www.google.com/search?q=site%3Ainstagram.com%20%22AD%20Nogueira%20Regedoura%22%20Portugal%20futebol,https://www.google.com/search?q=site%3Afacebook.com%20%22AD%20Nogueira%20Regedoura%22%20Portugal%20futebol
CD Loureiro,AF Aveiro,2ª Divisão,Facebook,cdloureiro1997,,https://www.google.com/search?q=site%3Ainstagram.com%20%22CD%20Loureiro%22%20Portugal%20futebol,https://www.google.com/search?q=site%3Afacebook.com%20%22CD%20Loureiro%22%20Portugal%20futebol
Macieirense,AF Aveiro,1ª Divisão,Facebook,futebolclubemacieirense,,https://www.google.com/search?q=site%3Ainstagram.com%20%22Macieirense%22%20Portugal%20futebol,https://www.google.com/search?q=site%3Afacebook.com%20%22Macieirense%22%20Portugal%20futebol
Real Nogueirense,AF Aveiro,1ª Divisão,Facebook,realclubenogueirense,,https://www.google.com/search?q=site%3Ainstagram.com%20%22Real%20Nogueirense%22%20Portugal%20futebol,https://www.google.com/search?q=site%3Afacebook.com%20%22Real%20Nogueirense%22%20Portugal%20futebol
SC Ferreirense,AF Beja,1ª Divisão,Facebook,sportingclubeferreirense,,https://www.google.com/search?q=site%3Ainstagram.com%20%22SC%20Ferreirense%22%20Portugal%20futebol,https://www.google.com/search?q=site%3Afacebook.com%20%22SC%20Ferreirense%22%20Portugal%20futebol
AD Lage 2022,AF Braga,1ª Divisão,Facebook,a.d.lage_2022,,https://www.google.com/search?q=site%3Ainstagram.com%20%22AD%20Lage%202022%22%20Portugal%20futebol,https://www.google.com/search?q=site%3Afacebook.com%20%22AD%20Lage%202022%22%20Portugal%20futebol
ADJ Mouquim,AF Braga,1ª Divisão,Facebook,adjmouquim,,https://www.google.com/search?q=site%3Ainstagram.com%20%22ADJ%20Mouquim%22%20Portugal%20futebol,https://www.google.com/search?q=site%3Afacebook.com%20%22ADJ%20Mouquim%22%20Portugal%20futebol
GD Fradelos,AF Braga,1ª Divisão,Facebook,gdfradelos,,https://www.google.com/search?q=site%3Ainstagram.com%20%22GD%20Fradelos%22%20Portugal%20futebol,https://www.google.com/search?q=site%3Afacebook.com%20%22GD%20Fradelos%22%20Portugal%20futebol
Mota FC,AF Braga,1ª Divisão,Facebook,motafutebolclube,,https://www.google.com/search?q=site%3Ainstagram.com%20%22Mota%20FC%22%20Portugal%20futebol,https://www.google.com/search?q=site%3Afacebook.com%20%22Mota%20FC%22%20Portugal%20futebol
Ucha,AF Braga,Divisão Honra,Facebook,s.c.ucha,,https://www.google.com/search?q=site%3Ainstagram.com%20%22Ucha%22%20Portugal%20futebol,https://www.google.com/search?q=site%3Afacebook.com%20%22Ucha%22%20Portugal%20futebol
CD Gambo,AF Coimbra,1ª Divisão,Facebook,cdgambo,,https://www.google.com/search?q=site%3Ainstagram.com%20%22CD%20Gambo%22%20Portugal%20futebol,https://www.google.com/search?q=site%3Afacebook.com%20%22CD%20Gambo%22%20Portugal%20futebol
Tocha,AF Coimbra,Divisão Elite,Facebook,udtocha,,https://www.google.com/search?q=site%3Ainstagram.com%20%22Tocha%22%20Portugal%20futebol,https://www.google.com/search?q=site%3Afacebook.com%20%22Tocha%22%20Portugal%20futebol
Bombarralense,AF Leiria,Divisão Honra,Facebook,scebombarralense,,https://www.google.com/search?q=site%3Ainstagram.com%20%22Bombarralense%22%20Portugal%20futebol,https://www.google.com/search?q=site%3Afacebook.com%20%22Bombarralense%22%20Portugal%20futebol
Agualva,AF Lisboa,3ª Divisão MKA,Facebook,cdagualva,,https://www.google.com/search?q=site%3Ainstagram.com%20%22Agualva%22%20Portugal%20futebol,https://www.google.com/search?q=site%3Afacebook.com%20%22Agualva%22%20Portugal%20futebol
Assoc. Torre,AF Lisboa,3ª Divisão MKA,Facebook,associacaotorre,,https://www.google.com/search?q=site%3Ainstagram.com%20%22Assoc.%20Torre%22%20Portugal%20futebol,https://www.google.com/search?q=site%3Afacebook.com%20%22Assoc.%20Torre%22%20Portugal%20futebol
At. Tojal,AF Lisboa,2ª Divisão MKA,Facebook,actojal,,https://www.google.com/search?q=site%3Ainstagram.com%20%22At.%20Tojal%22%20Portugal%20futebol,https://www.google.com/search?q=site%3Afacebook.com%20%22At.%20Tojal%22%20Portugal%20futebol
Leões Porto Salvo,AF Lisboa,2ª Divisão MKA,Facebook,leoesportosalvofutebol,,https://www.google.com/search?q=site%3Ainstagram.com%20%22Le%C3%B5es%20Porto%20Salvo%22%20Portugal%20futebol,https://www.google.com/search?q=site%3Afacebook.com%20%22Le%C3%B5es%20Porto%20Salvo%22%20Portugal%20futebol
Lourinhanense,AF Lisboa,1ª Divisão SABSEG,Facebook,lourinhanense_oficial,,https://www.google.com/search?q=site%3Ainstagram.com%20%22Lourinhanense%22%20Portugal%20futebol,https://www.google.com/search?q=site%3Afacebook.com%20%22Lourinhanense%22%20Portugal%20futebol
Olivais Sul,AF Lisboa,3ª Divisão MKA,Facebook,ccdolivaissul_oficial,,https://www.google.com/search?q=site%3Ainstagram.com%20%22Olivais%20Sul%22%20Portugal%20futebol,https://www.google.com/search?q=site%3Afacebook.com%20%22Olivais%20Sul%22%20Portugal%20futebol
Palmense,AF Lisboa,1ª Divisão SABSEG,Facebook,sf_palmense,,https://www.google.com/search?q=site%3Ainstagram.com%20%22Palmense%22%20Portugal%20futebol,https://www.google.com/search?q=site%3Afacebook.com%20%22Palmense%22%20Portugal%20futebol
Sobreirense,AF Lisboa,3ª Divisão MKA,Facebook,gdsobreirense,,https://www.google.com/search?q=site%3Ainstagram.com%20%22Sobreirense%22%20Portugal%20futebol,https://www.google.com/search?q=site%3Afacebook.com%20%22Sobreirense%22%20Portugal%20futebol
Tenente Valdez,AF Lisboa,3ª Divisão MKA,Facebook,tenentevaldez_,,https://www.google.com/search?q=site%3Ainstagram.com%20%22Tenente%20Valdez%22%20Portugal%20futebol,https://www.google.com/search?q=site%3Afacebook.com%20%22Tenente%20Valdez%22%20Portugal%20futebol
Codessos,AF Porto,1ª Divisão,Facebook,c.d.c.codessos,,https://www.google.com/search?q=site%3Ainstagram.com%20%22Codessos%22%20Portugal%20futebol,https://www.google.com/search?q=site%3Afacebook.com%20%22Codessos%22%20Portugal%20futebol
FC Boelhe,AF Porto,Divisão Honra,Facebook,fcboelhe,,https://www.google.com/search?q=site%3Ainstagram.com%20%22FC%20Boelhe%22%20Portugal%20futebol,https://www.google.com/search?q=site%3Afacebook.com%20%22FC%20Boelhe%22%20Portugal%20futebol
Gondomar SC,AF Porto,Pro-Nacional,Facebook,gondomar_sc,,https://www.google.com/search?q=site%3Ainstagram.com%20%22Gondomar%20SC%22%20Portugal%20futebol,https://www.google.com/search?q=site%3Afacebook.com%20%22Gondomar%20SC%22%20Portugal%20futebol
Inter Milheirós,AF Porto,Divisão Honra,Facebook,intermilheiros,,https://www.google.com/search?q=site%3Ainstagram.com%20%22Inter%20Milheir%C3%B3s%22%20Portugal%20futebol,https://www.google.com/search?q=site%3Afacebook.com%20%22Inter%20Milheir%C3%B3s%22%20Portugal%20futebol
Leverense,AF Porto,"1ª Divisão, Divisão Honra",Facebook,cudleverense,,https://www.google.com/search?q=site%3Ainstagram.com%20%22Leverense%22%20Portugal%20futebol,https://www.google.com/search?q=site%3Afacebook.com%20%22Leverense%22%20Portugal%20futebol
SC Campo,AF Porto,Divisão Honra,Facebook,sccampo,,https://www.google.com/search?q=site%3Ainstagram.com%20%22SC%20Campo%22%20Portugal%20futebol,https://www.google.com/search?q=site%3Afacebook.com%20%22SC%20Campo%22%20Portugal%20futebol
UD Valonguense,AF Porto,Divisão Elite,Facebook,udvalonguense1937,,https://www.google.com/search?q=site%3Ainstagram.com%20%22UD%20Valonguense%22%20Portugal%20futebol,https://www.google.com/search?q=site%3Afacebook.com%20%22UD%20Valonguense%22%20Portugal%20futebol
USC Baltar,AF Porto,Divisão Honra,Facebook,uniaosportclubedebaltar,,https://www.google.com/search?q=site%3Ainstagram.com%20%22USC%20Baltar%22%20Portugal%20futebol,https://www.google.com/search?q=site%3Afacebook.com%20%22USC%20Baltar%22%20Portugal%20futebol
FC Alvaladense,AF Setúbal,2ª Divisão,Facebook,fc.alvaladense,,https://www.google.com/search?q=site%3Ainstagram.com%20%22FC%20Alvaladense%22%20Portugal%20futebol,https://www.google.com/search?q=site%3Afacebook.com%20%22FC%20Alvaladense%22%20Portugal%20futebol
Paio Pires FC,AF Setúbal,2ª Divisão,Facebook,ppfc1925_oficial,,https://www.google.com/search?q=site%3Ainstagram.com%20%22Paio%20Pires%20FC%22%20Portugal%20futebol,https://www.google.com/search?q=site%3Afacebook.com%20%22Paio%20Pires%20FC%22%20Portugal%20futebol
Quintajense,AF Setúbal,2ª Divisão,Facebook,quintajensefutebolclube,,https://www.google.com/search?q=site%3Ainstagram.com%20%22Quintajense%22%20Portugal%20futebol,https://www.google.com/search?q=site%3Afacebook.com%20%22Quintajense%22%20Portugal%20futebol
Vasco da Gama Sines,AF Setúbal,1ª Divisão,Facebook,vgac_sines,,https://www.google.com/search?q=site%3Ainstagram.com%20%22Vasco%20da%20Gama%20Sines%22%20Portugal%20futebol,https://www.google.com/search?q=site%3Afacebook.com%20%22Vasco%20da%20Gama%20Sines%22%20Portugal%20futebol
Ilustre Caminha,AF Viana do Castelo,2ª Divisão MKA,Facebook,ilustrecaminha,,https://www.google.com/search?q=site%3Ainstagram.com%20%22Ilustre%20Caminha%22%20Portugal%20futebol,https://www.google.com/search?q=site%3Afacebook.com%20%22Ilustre%20Caminha%22%20Portugal%20futebol
Monção,AF Viana do Castelo,1ª Divisão SABSEG,Facebook,desportivodemoncao,,https://www.google.com/search?q=site%3Ainstagram.com%20%22Mon%C3%A7%C3%A3o%22%20Portugal%20futebol,https://www.google.com/search?q=site%3Afacebook.com%20%22Mon%C3%A7%C3%A3o%22%20Portugal%20futebol
Âncora Praia,AF Viana do Castelo,1ª Divisão SABSEG,Facebook,ancorapraiafc,,https://www.google.com/search?q=site%3Ainstagram.com%20%22%C3%82ncora%20Praia%22%20Portugal%20futebol,https://www.google.com/search?q=site%3Afacebook.com%20%22%C3%82ncora%20Praia%22%20Portugal%20futebol
FC Santa Marta,AF Vila Real,Divisão de Honra,Facebook,futebolclube_smp,,https://www.google.com/search?q=site%3Ainstagram.com%20%22FC%20Santa%20Marta%22%20Portugal%20futebol,https://www.google.com/search?q=site%3Afacebook.com%20%22FC%20Santa%20Marta%22%20Portugal%20futebol
Escouralense,AF Évora,Liga AFE,Facebook,grupoestrelaescouralense,,https://www.google.com/search?q=site%3Ainstagram.com%20%22Escouralense%22%20Portugal%20futebol,https://www.google.com/search?q=site%3Afacebook.com%20%22Escouralense%22%20Portugal%20futebol
Madalena,Interdistrital Açores,Campeonato de Futebol dos Açores,Facebook,futebolclubemadalena_oficial,,https://www.google.com/search?q=site%3Ainstagram.com%20%22Madalena%22%20Portugal%20futebol,https://www.google.com/search?q=site%3Afacebook.com%20%22Madalena%22%20Portugal%20futebol
